,Date,Consommation_MW,Production_MW,Production_verte_MW,Differentiel_MW,Thermique_MW,Nucléaire_MW,Eolien_MW,Solaire_MW,Hydraulique_MW,Pompage_MW,Bioénergies_MW,Ech_physiques_MW,Stockage_batterie_MW,Déstockage_batterie_MW,mois,jour,date,temperature
0,2021-03-01,58754.229166666664,62211.375,16008.541666666666,3457.1458333333335,6830.104166666667,39372.729166666664,3774.8333333333335,1305.4583333333333,9792.541666666666,-120.10416666666667,1135.7083333333333,457.8333333333333,-3337.625,137.71354166666666,3,1,2021-03-01,8.558020833333334
1,2021-03-02,59028.645833333336,62804.041666666664,14824.395833333334,3775.3958333333335,7786.0625,40193.583333333336,2792.7291666666665,869.2916666666666,10046.270833333334,-175.20833333333334,1116.1041666666667,470.4166666666667,-3599.8125,156.68458333333334,3,2,2021-03-02,9.56489583333333
2,2021-03-03,58322.770833333336,62745.979166666664,13298.604166666666,4423.208333333333,7933.145833333333,41514.229166666664,1240.2083333333333,698.0833333333334,10236.0,-129.95833333333334,1124.3125,486.375,-4292.958333333333,161.205,3,3,2021-03-03,9.8115625
3,2021-03-04,58353.333333333336,64054.5,13409.5,5701.166666666667,7943.020833333333,42701.979166666664,1604.6666666666667,901.3958333333334,9736.125,-167.16666666666666,1167.3125,498.3541666666667,-5533.979166666667,158.87979166666665,3,4,2021-03-04,9.095
4,2021-03-05,60596.4375,67131.72916666667,16502.875,6535.291666666667,8244.354166666666,42384.5,4860.708333333333,929.0833333333334,9539.5,-382.7083333333333,1173.5833333333333,495.8125,-6151.5625,160.100625,3,5,2021-03-05,7.054270833333335
5,2021-03-06,57728.6875,62008.625,15161.729166666666,4279.9375,4214.4375,42632.458333333336,5124.416666666667,1024.5625,7838.5625,-907.1041666666666,1174.1875,502.1666666666667,-3371.875,90.609375,3,6,2021-03-06,5.770937499999996
6,2021-03-07,56290.5625,59249.9375,11009.104166666666,2959.375,4715.104166666667,43525.729166666664,1934.6666666666667,758.1041666666666,7148.0,-701.75,1168.3333333333333,514.125,-2257.1666666666665,102.220625,3,7,2021-03-07,6.128333333333335
7,2021-03-08,62564.083333333336,65677.22916666667,14505.375,3113.1458333333335,7378.604166666667,43793.25,2324.4166666666665,1105.5416666666667,9953.1875,-190.0,1122.2291666666667,516.5,-2922.8541666666665,142.860625,3,8,2021-03-08,6.121770833333336
8,2021-03-09,63604.645833333336,65748.375,14341.916666666666,2143.7291666666665,7811.0,43595.458333333336,1919.7083333333333,1335.6458333333333,9967.0,-62.1875,1119.5625,515.0416666666666,-2081.0208333333335,148.97770833333334,3,9,2021-03-09,5.548437499999999
9,2021-03-10,63743.395833333336,68251.4375,17929.625,4508.041666666667,6584.8125,43737.0,6961.3125,1314.9166666666667,8525.833333333334,-349.75,1127.5625,516.0,-4157.875,121.50125000000001,3,10,2021-03-10,6.347291666666667
10,2021-03-11,59962.458333333336,67626.66666666667,21523.875,7664.208333333333,3059.875,43042.916666666664,13535.958333333334,718.4166666666666,6149.75,-901.5208333333334,1119.75,506.5208333333333,-6762.333333333333,61.299791666666664,3,11,2021-03-11,10.784791666666665
11,2021-03-12,59720.1875,66845.52083333333,20396.4375,7125.333333333333,2996.1666666666665,43452.916666666664,11739.333333333334,1053.375,6450.541666666667,-1225.0416666666667,1153.1875,512.6041666666666,-5900.5625,60.21145833333333,3,12,2021-03-12,8.881458333333335
12,2021-03-13,55541.4375,64948.479166666664,21146.958333333332,9407.041666666666,2588.0416666666665,41213.479166666664,13574.875,934.1041666666666,5480.979166666667,-1505.25,1157.0,495.5416666666667,-7902.520833333333,58.16979166666667,3,13,2021-03-13,8.56354166666667
13,2021-03-14,54500.1875,62406.208333333336,17445.708333333332,7906.020833333333,2657.5208333333335,42302.979166666664,9801.958333333334,1183.8958333333333,5338.125,-1659.9375,1121.7291666666667,509.8541666666667,-6245.083333333333,61.85854166666667,3,14,2021-03-14,7.360208333333333
14,2021-03-15,61019.854166666664,66660.70833333333,18257.166666666668,5640.854166666667,3846.9166666666665,44556.625,8488.208333333334,761.4375,7952.0625,-864.75,1055.4583333333333,531.4166666666666,-4776.0625,81.98770833333333,3,15,2021-03-15,8.154583333333337
15,2021-03-16,61749.229166666664,66210.58333333333,14956.125,4461.354166666667,6408.416666666667,44846.041666666664,4222.458333333333,1068.5208333333333,8611.229166666666,-359.2291666666667,1053.9166666666667,533.8958333333334,-4101.104166666667,126.26333333333334,3,16,2021-03-16,7.704270833333332
16,2021-03-17,61875.3125,70301.33333333333,18868.0,8426.020833333334,6712.395833333333,44720.9375,8023.5,1100.6041666666667,8674.729166666666,-457.5833333333333,1069.1666666666667,531.1041666666666,-7968.270833333333,132.039375,3,17,2021-03-17,7.891041666666667
17,2021-03-18,63976.75,68055.3125,15926.8125,4078.5625,6840.0625,45288.4375,3456.9583333333335,934.2291666666666,10439.6875,-86.0,1095.9375,535.5,-3991.3541666666665,129.38729166666667,3,18,2021-03-18,5.568958333333334
18,2021-03-19,63825.9375,69594.39583333333,18391.145833333332,5768.458333333333,5926.208333333333,45277.041666666664,7388.354166666667,824.2916666666666,9082.125,-484.2291666666667,1096.375,537.1458333333334,-5283.9375,114.40875,3,19,2021-03-19,5.754895833333333
19,2021-03-20,59175.229166666664,63312.479166666664,14369.5,4137.25,5684.395833333333,43258.583333333336,4538.104166666667,1673.8958333333333,7058.604166666667,-795.8333333333334,1098.8958333333333,513.0208333333334,-3341.0208333333335,120.69666666666666,3,20,2021-03-20,4.763854166666666
20,2021-03-21,57065.583333333336,58417.291666666664,12626.770833333334,1351.7083333333333,3786.3541666666665,42004.166666666664,4727.416666666667,1246.375,5562.395833333333,-1715.8958333333333,1090.5833333333333,500.8958333333333,364.6041666666667,88.56375000000001,3,21,2021-03-21,5.5825000000000005
21,2021-03-22,62148.125,63532.145833333336,13663.270833333334,1384.0208333333333,5752.854166666667,44116.020833333336,3255.8958333333335,1434.2291666666667,7925.229166666667,-520.8541666666666,1047.9166666666667,521.3958333333334,-863.0625,113.61645833333334,3,22,2021-03-22,6.328020833333337
22,2021-03-23,60304.583333333336,62797.458333333336,12174.395833333334,2492.875,6160.166666666667,44462.895833333336,1259.1666666666667,1702.7916666666667,8173.6875,-133.66666666666666,1038.75,523.875,-2358.9791666666665,120.82583333333334,3,23,2021-03-23,7.386458333333336
23,2021-03-24,57841.666666666664,62204.895833333336,11476.9375,4363.229166666667,6166.229166666667,44561.729166666664,1491.7916666666667,1742.9583333333333,7204.541666666667,-627.3125,1037.6458333333333,524.0625,-3735.2291666666665,124.70458333333333,3,24,2021-03-24,9.0184375
24,2021-03-25,56204.791666666664,61773.979166666664,11639.833333333334,5569.1875,6151.395833333333,43982.75,1674.9375,1248.75,7664.041666666667,-118.45833333333333,1052.1041666666667,519.5625,-5450.666666666667,128.22666666666666,3,25,2021-03-25,9.682708333333332
25,2021-03-26,55805.708333333336,63196.270833333336,14743.458333333334,7390.5625,4524.729166666667,43928.083333333336,6011.166666666667,1140.8333333333333,6518.645833333333,-558.875,1072.8125,513.9166666666666,-6831.625,101.23791666666666,3,26,2021-03-26,9.763333333333332
26,2021-03-27,51060.0625,56253.479166666664,14929.8125,5193.416666666667,2711.2083333333335,38612.458333333336,6511.770833333333,1508.8958333333333,5840.979166666667,-1500.4583333333333,1068.1666666666667,419.7291666666667,-3692.2916666666665,66.80520833333334,3,27,2021-03-27,9.0784375
27,2021-03-28,46186.041666666664,48825.770833333336,10648.833333333334,2639.7291666666665,2674.2291666666665,35502.708333333336,3040.3958333333335,1715.3125,4852.0625,-1621.1875,1041.0625,398.9166666666667,-1017.7916666666666,69.98166666666667,3,28,2021-03-28,9.689895833333326
28,2021-03-29,51388.083333333336,54750.895833333336,11358.083333333334,3362.8125,3736.375,39656.4375,2480.8541666666665,1784.5416666666667,6026.729166666667,-787.1875,1065.9583333333333,471.4583333333333,-2574.9583333333335,88.09083333333332,3,29,2021-03-29,12.518854166666669
29,2021-03-30,49357.479166666664,57611.395833333336,11472.333333333334,8253.916666666666,5198.979166666667,40940.083333333336,1978.1875,1729.5416666666667,6699.5625,-548.8125,1065.0416666666667,483.8541666666667,-7704.5,123.17166666666667,3,30,2021-03-30,14.490520833333333
30,2021-03-31,47950.270833333336,57316.0625,11263.791666666666,9365.791666666666,5306.6875,40745.583333333336,1468.625,1655.4583333333333,7063.375,-566.5833333333334,1076.3333333333333,484.2083333333333,-8798.3125,131.37479166666665,3,31,2021-03-31,15.337708333333333
31,2021-04-01,47832.229166666664,55500.6875,12816.25,7668.458333333333,2836.0833333333335,39848.354166666664,2731.6458333333335,2355.3541666666665,6716.0,-368.2083333333333,1013.25,475.5,-7299.333333333333,66.849375,4,1,2021-04-01,15.36854166666667
32,2021-04-02,47351.0,57479.583333333336,16603.8125,10128.583333333334,868.0416666666666,40007.729166666664,7606.875,2347.2916666666665,5630.395833333333,-995.1875,1019.25,475.5833333333333,-9129.25,19.707291666666666,4,2,2021-04-02,12.767083333333332
33,2021-04-03,46311.375,57213.541666666664,17734.979166666668,10902.166666666666,699.7083333333334,38778.854166666664,8651.166666666666,2462.0625,5540.229166666667,-1212.8333333333333,1081.5208333333333,465.125,-9684.520833333334,17.654791666666668,4,3,2021-04-03,9.6840625
34,2021-04-04,45962.520833333336,50663.4375,12600.645833333334,4700.916666666667,622.9583333333334,37439.833333333336,3196.4791666666665,2556.4791666666665,5754.833333333333,-1187.8125,1092.8541666666667,451.5208333333333,-3504.1041666666665,15.996041666666668,4,4,2021-04-04,8.787500000000001
35,2021-04-05,48573.666666666664,50553.041666666664,13602.604166666666,1979.375,1109.6041666666667,35840.833333333336,5646.729166666667,2179.8125,4705.479166666667,-1848.8541666666667,1070.5833333333333,432.75,-126.14583333333333,25.88479166666667,4,5,2021-04-05,8.162812499999996
36,2021-04-06,58475.020833333336,58131.8125,15610.916666666666,-343.2083333333333,4069.2708333333335,38451.625,5206.8125,2324.5833333333335,7070.604166666667,-481.5625,1008.9166666666666,464.625,829.375,76.46416666666667,4,6,2021-04-06,4.979374999999998
37,2021-04-07,61547.895833333336,58986.854166666664,14588.6875,-2561.0416666666665,5198.520833333333,39199.645833333336,4145.6875,2622.6666666666665,6820.1875,-547.1666666666666,1000.1458333333334,471.8958333333333,3109.9791666666665,95.31395833333333,4,7,2021-04-07,4.346458333333333
38,2021-04-08,59230.541666666664,53453.354166666664,11105.229166666666,-5777.1875,5051.25,37296.875,743.7291666666666,2638.3541666666665,6691.166666666667,-333.5833333333333,1031.9791666666667,454.6666666666667,6113.9375,96.12416666666667,4,8,2021-04-08,7.169895833333335
39,2021-04-09,55885.916666666664,56757.666666666664,13187.916666666666,871.75,5396.083333333333,38173.666666666664,3824.0208333333335,1700.9791666666667,6641.645833333333,-416.9791666666667,1021.2708333333334,462.4583333333333,-452.2291666666667,105.80291666666666,4,9,2021-04-09,9.829270833333334
40,2021-04-10,50001.791666666664,54040.9375,11962.9375,4039.1458333333335,5072.395833333333,37005.604166666664,4281.875,1034.9375,5610.375,-675.6458333333334,1035.75,452.9375,-3360.4375,110.34645833333333,4,10,2021-04-10,11.1628125
41,2021-04-11,50078.270833333336,52414.791666666664,12028.270833333334,2336.5208333333335,3391.4166666666665,36995.104166666664,4949.0,978.125,5089.8125,-1387.375,1011.3333333333334,451.9583333333333,-943.3125,74.23083333333334,4,11,2021-04-11,8.781354166666665
42,2021-04-12,58434.625,55920.958333333336,12691.854166666666,-2513.6666666666665,5561.666666666667,37667.4375,2318.7083333333335,2298.0833333333335,7093.125,-453.5833333333333,981.9375,458.2083333333333,2969.375,103.66916666666667,4,12,2021-04-12,6.372916666666669
43,2021-04-13,58711.833333333336,55818.020833333336,13029.270833333334,-2893.8125,5567.791666666667,37220.958333333336,2468.1041666666665,2622.125,6992.25,-127.625,946.7916666666666,448.0833333333333,3023.1458333333335,103.41979166666665,4,13,2021-04-13,6.507395833333335
44,2021-04-14,58225.208333333336,57770.895833333336,13784.583333333334,-454.3125,6016.5,37969.8125,3947.625,2668.4583333333335,6214.895833333333,-140.6875,953.6041666666666,460.3125,596.5208333333334,117.98708333333333,4,14,2021-04-14,6.61208333333333
45,2021-04-15,58544.8125,58721.770833333336,13914.4375,176.95833333333334,5738.6875,39068.645833333336,4356.791666666667,2634.4375,5937.208333333333,-345.9166666666667,986.0,468.5208333333333,172.64583333333334,113.415,4,15,2021-04-15,6.270520833333332
46,2021-04-16,58658.875,58516.9375,13523.916666666666,-141.9375,5915.541666666667,39077.479166666664,4621.395833333333,2283.0208333333335,5605.645833333333,-328.9166666666667,1013.8541666666666,468.5,474.25,117.27749999999999,4,16,2021-04-16,6.126354166666672
47,2021-04-17,52824.270833333336,53064.333333333336,12117.833333333334,240.0625,4855.1875,36091.3125,4721.354166666667,2010.5,4336.958333333333,-791.9375,1049.0208333333333,441.7916666666667,555.75,110.93729166666667,4,17,2021-04-17,7.639791666666668
48,2021-04-18,49707.645833333336,50979.229166666664,9776.770833333334,1271.5833333333333,5235.041666666667,35967.416666666664,2423.4791666666665,2284.3333333333335,4029.5208333333335,-1035.3125,1039.4375,439.1041666666667,-233.20833333333334,125.75583333333333,4,18,2021-04-18,8.358125000000005
49,2021-04-19,53811.604166666664,52525.291666666664,9652.9375,-1286.3125,5812.4375,37059.916666666664,835.3541666666666,2530.2291666666665,5259.25,-361.875,1028.1041666666667,449.375,1651.5833333333333,125.419375,4,19,2021-04-19,9.48239583333333
50,2021-04-20,52614.208333333336,52505.020833333336,8895.083333333334,-109.1875,5752.229166666667,37857.708333333336,655.3333333333334,2118.4583333333335,5097.5625,-155.75,1023.7291666666666,456.3125,268.4166666666667,126.223125,4,20,2021-04-20,10.939583333333333
51,2021-04-21,51359.020833333336,53369.875,10028.479166666666,2010.8541666666667,5488.895833333333,37852.5,2451.1875,1932.9791666666667,4619.479166666667,-253.16666666666666,1024.8333333333333,455.2916666666667,-1754.3333333333333,123.46395833333334,4,21,2021-04-21,11.633958333333325
52,2021-04-22,50192.333333333336,55873.520833333336,12865.25,5681.1875,5132.479166666667,37875.791666666664,4886.083333333333,2716.5625,4230.645833333333,-585.3958333333334,1031.9583333333333,454.9583333333333,-5093.083333333333,119.859375,4,22,2021-04-22,11.978958333333331
53,2021-04-23,48597.0625,55155.958333333336,12782.958333333334,6558.895833333333,4688.8125,37684.1875,4705.958333333333,2911.3125,4100.125,-305.6875,1065.5625,452.7708333333333,-6250.916666666667,113.04041666666666,4,23,2021-04-23,12.812291666666665
54,2021-04-24,43048.4375,51419.375,13014.75,8370.9375,1867.2708333333333,36537.354166666664,5595.958333333333,2823.4375,3512.4791666666665,-633.3541666666666,1082.875,441.3333333333333,-7733.604166666667,49.199375,4,24,2021-04-24,13.816874999999996
55,2021-04-25,41220.395833333336,50949.4375,14497.041666666666,9729.041666666666,1328.9583333333333,35123.4375,7999.0625,1900.3125,3529.0625,-962.375,1068.6041666666667,424.4791666666667,-8762.645833333334,37.12895833333334,4,25,2021-04-25,13.159583333333329
56,2021-04-26,47968.6875,56438.291666666664,14266.416666666666,8469.604166666666,3957.1875,38214.6875,7138.270833333333,1467.7916666666667,4611.958333333333,-407.2708333333333,1048.3958333333333,457.6458333333333,-8056.4375,95.91166666666668,4,26,2021-04-26,12.754999999999997
57,2021-04-27,48943.416666666664,52503.166666666664,10061.833333333334,3559.75,4347.020833333333,38094.3125,2082.8125,1881.1458333333333,5046.875,-213.25,1051.0,456.3125,-3342.5833333333335,107.02229166666666,4,27,2021-04-27,12.560208333333337
58,2021-04-28,49369.916666666664,51585.416666666664,9145.25,2215.5,4342.229166666667,38097.9375,1662.3958333333333,1357.9166666666667,5045.854166666667,-312.125,1079.0833333333333,459.5,-1899.4375,106.58749999999999,4,28,2021-04-28,11.936979166666665
59,2021-04-29,50532.625,53144.5,10217.604166666666,2611.875,4325.916666666667,38600.979166666664,1850.2708333333333,1375.1458333333333,5905.0,-337.25,1087.1875,465.5625,-2270.7083333333335,104.089375,4,29,2021-04-29,10.9784375
60,2021-04-30,50738.416666666664,51970.291666666664,9587.729166666666,1231.875,4443.291666666667,37939.270833333336,948.875,1414.125,6129.729166666667,-450.5416666666667,1095.0,458.6875,-778.7291666666666,107.77145833333333,4,30,2021-04-30,10.292187499999999
61,2021-05-01,45169.833333333336,50204.354166666664,10092.8125,5034.520833333333,1528.0208333333333,38583.520833333336,1994.875,1349.9583333333333,5636.604166666667,-729.6875,1111.375,464.0208333333333,-4299.208333333333,39.99708333333333,5,1,2021-05-01,9.631875000000003
62,2021-05-02,45309.354166666664,47704.875,11225.6875,2395.5208333333335,1288.5,35190.6875,1486.1041666666667,2394.2291666666665,6262.895833333333,-844.5416666666666,1082.4583333333333,402.3125,-1547.8333333333333,32.60541666666666,5,2,2021-05-02,9.232083333333334
63,2021-05-03,51010.041666666664,52895.1875,14629.625,1885.1458333333333,2414.9375,35850.625,3752.6041666666665,2953.1458333333335,6906.729166666667,-274.7708333333333,1017.1458333333334,409.6458333333333,-1607.9583333333333,55.1575,5,3,2021-05-03,9.795625
64,2021-05-04,51602.3125,56995.8125,19499.5,5393.5,1227.9375,36268.375,11129.625,1991.125,5368.645833333333,-624.7708333333334,1010.1041666666666,413.5416666666667,-4765.791666666667,28.119791666666668,5,4,2021-05-04,11.461770833333333
65,2021-05-05,51539.291666666664,55600.6875,16129.395833333334,4061.3958333333335,1770.5416666666667,37700.75,6656.625,2325.2916666666665,6107.291666666667,-369.0208333333333,1040.1875,426.3958333333333,-3689.125,39.84020833333333,5,5,2021-05-05,10.990104166666663
66,2021-05-06,53110.458333333336,54268.125,13526.520833333334,1157.6666666666667,3268.1666666666665,37473.4375,4156.083333333333,1420.875,6903.4375,-187.54166666666666,1046.125,421.4791666666667,-969.8333333333334,73.90604166666667,5,6,2021-05-06,10.733229166666666
67,2021-05-07,50806.895833333336,53175.770833333336,13025.083333333334,2368.875,2770.0833333333335,37380.604166666664,2198.75,2259.2708333333335,7496.104166666667,-655.5208333333334,1070.9583333333333,422.1458333333333,-1713.0,64.84833333333333,5,7,2021-05-07,12.190208333333336
68,2021-05-08,42689.3125,51419.833333333336,17136.125,8730.520833333334,1125.5833333333333,33158.125,5496.791666666667,2760.0625,7783.979166666667,-723.0833333333334,1095.2916666666667,386.0208333333333,-8005.041666666667,31.22729166666667,5,8,2021-05-08,15.496145833333335
69,2021-05-09,39423.770833333336,46036.875,16940.479166666668,6613.104166666667,1106.1875,27990.208333333332,7996.333333333333,1644.5,6197.708333333333,-1276.9166666666667,1101.9375,335.1041666666667,-5333.166666666667,31.631666666666664,5,9,2021-05-09,18.141145833333326
70,2021-05-10,45653.5625,54124.104166666664,16765.270833333332,8470.541666666666,1508.2708333333333,35850.5625,5848.854166666667,1587.0833333333333,8266.166666666666,-553.375,1063.1666666666667,413.25,-7915.166666666667,38.26979166666667,5,10,2021-05-10,14.64875
71,2021-05-11,47741.145833333336,54276.229166666664,14409.9375,6535.083333333333,2648.6041666666665,37217.6875,3466.6458333333335,1888.125,7983.020833333333,-374.75,1072.1458333333333,425.7708333333333,-6159.708333333333,65.85104166666666,5,11,2021-05-11,12.379895833333327
72,2021-05-12,48509.520833333336,54359.6875,14267.708333333334,5850.166666666667,2391.9375,37700.041666666664,2789.2291666666665,2087.8125,8287.375,-487.8958333333333,1103.2916666666667,430.1458333333333,-5358.541666666667,54.54125,5,12,2021-05-12,11.844583333333333
73,2021-05-13,43717.145833333336,54102.708333333336,14759.479166666666,10385.5625,1241.75,38101.479166666664,3527.625,2107.7916666666665,7988.604166666667,-925.6875,1135.4583333333333,431.3333333333333,-9459.333333333334,30.934166666666666,5,13,2021-05-13,12.074374999999996
74,2021-05-14,45621.375,56257.5,15962.541666666666,10636.125,1226.3125,39068.645833333336,3663.0,2235.7916666666665,8931.083333333334,-465.1666666666667,1132.6666666666667,439.7708333333333,-10168.875,29.142083333333332,5,14,2021-05-14,11.791249999999996
75,2021-05-15,44075.375,55134.541666666664,16774.5,11059.166666666666,847.2708333333334,37512.770833333336,5825.645833333333,1251.0208333333333,8559.5625,-851.0,1138.2708333333333,415.4791666666667,-10206.625,22.404791666666668,5,15,2021-05-15,12.126979166666667
76,2021-05-16,42567.166666666664,54231.854166666664,17292.708333333332,11664.6875,777.6041666666666,36161.541666666664,6374.020833333333,1446.6041666666667,8368.979166666666,-1371.4583333333333,1103.1041666666667,402.1666666666667,-10290.791666666666,21.584791666666664,5,16,2021-05-16,13.655416666666667
77,2021-05-17,48594.791666666664,63011.854166666664,22599.083333333332,14417.0625,2119.0,38293.770833333336,10082.583333333334,2310.6458333333335,9160.791666666666,-628.875,1045.0625,419.9791666666667,-13786.229166666666,49.81791666666667,5,17,2021-05-17,13.243541666666665
78,2021-05-18,49648.354166666664,57694.145833333336,15803.875,8045.791666666667,2483.9166666666665,39406.354166666664,3487.1875,1756.5208333333333,9540.791666666666,-305.1041666666667,1019.375,432.5208333333333,-7740.520833333333,58.09791666666666,5,18,2021-05-18,12.335520833333332
79,2021-05-19,49849.9375,60694.854166666664,17235.0,10844.916666666666,2445.9166666666665,41013.9375,4562.520833333333,2432.6666666666665,9185.5625,-266.3333333333333,1054.25,453.875,-10579.333333333334,58.03583333333333,5,19,2021-05-19,12.094479166666664
80,2021-05-20,49420.916666666664,59701.770833333336,17812.270833333332,10280.854166666666,2199.7916666666665,39689.708333333336,4592.854166666667,2806.5833333333335,9366.270833333334,-297.1458333333333,1046.5625,443.4375,-9983.333333333334,51.58770833333333,5,20,2021-05-20,12.5028125
81,2021-05-21,48332.979166666664,60222.375,21939.208333333332,11889.395833333334,700.7708333333334,37582.395833333336,10530.833333333334,1647.0416666666667,8690.520833333334,-743.7916666666666,1070.8125,419.6458333333333,-11144.791666666666,17.611666666666668,5,21,2021-05-21,13.800104166666666
82,2021-05-22,43859.770833333336,54931.75,20762.875,11071.979166666666,653.0625,33515.8125,9128.270833333334,2037.1041666666667,8516.395833333334,-1265.4791666666667,1081.1041666666667,368.75,-9804.875,17.919583333333332,5,22,2021-05-22,12.774687499999999
83,2021-05-23,41324.333333333336,51905.854166666664,17624.958333333332,10581.520833333334,792.8541666666666,33488.041666666664,5922.375,2327.8333333333335,8295.854166666666,-1110.0,1078.8958333333333,366.9166666666667,-9469.9375,23.75708333333333,5,23,2021-05-23,12.610208333333334
84,2021-05-24,43597.666666666664,57603.979166666664,20378.9375,14006.3125,664.1041666666666,36560.9375,9036.354166666666,1850.5,8446.020833333334,-950.1041666666666,1046.0625,400.3958333333333,-13055.791666666666,18.525000000000002,5,24,2021-05-24,12.51458333333334
85,2021-05-25,49264.9375,60792.354166666664,21345.666666666668,11527.416666666666,1331.9166666666667,38114.770833333336,9016.5625,2438.6666666666665,8857.6875,-599.9166666666666,1032.75,416.9166666666667,-10926.958333333334,29.166875,5,25,2021-05-25,12.243645833333334
86,2021-05-26,49602.6875,58421.75,17779.5625,8819.0625,1662.6875,38979.5,5516.1875,2322.5416666666665,8866.229166666666,-442.4166666666667,1074.6041666666667,426.7291666666667,-8376.875,35.749583333333334,5,26,2021-05-26,12.816770833333335
87,2021-05-27,48138.8125,56201.104166666664,14101.520833333334,8062.291666666667,2481.9791666666665,39617.604166666664,1006.25,2860.5208333333335,9159.604166666666,-456.3541666666667,1075.1458333333333,432.3541666666667,-7605.479166666667,59.029583333333335,5,27,2021-05-27,14.531041666666674
88,2021-05-28,46030.395833333336,56785.5,14812.875,10755.104166666666,2728.5833333333335,39244.041666666664,1774.8333333333333,2849.8333333333335,9115.354166666666,-407.7916666666667,1072.8541666666667,430.3541666666667,-10347.875,66.58333333333333,5,28,2021-05-28,15.845312499999999
89,2021-05-29,40389.5,52951.375,14318.75,12561.875,758.0833333333334,37874.541666666664,2860.2708333333335,2467.0625,7913.729166666667,-738.9791666666666,1077.6875,416.875,-11820.75,21.679374999999997,5,29,2021-05-29,17.397395833333334
90,2021-05-30,37939.770833333336,50465.708333333336,14441.541666666666,12525.9375,790.3125,35233.854166666664,3551.1666666666665,2725.6041666666665,7113.104166666667,-1053.0208333333333,1051.6666666666667,389.6875,-11473.8125,29.123958333333334,5,30,2021-05-30,17.191041666666674
91,2021-05-31,43852.208333333336,55396.9375,15642.125,11544.729166666666,1465.6458333333333,38289.166666666664,3302.7708333333335,2988.8958333333335,8341.520833333334,-386.3958333333333,1008.9375,422.8541666666667,-11155.833333333334,37.55583333333333,5,31,2021-05-31,17.485625000000002
92,2021-06-01,44973.041666666664,56189.3125,15448.5625,11216.270833333334,1541.0416666666667,39199.708333333336,3579.4583333333335,2339.6041666666665,8527.375,-360.5833333333333,1002.125,430.2708333333333,-10849.583333333334,37.95333333333333,6,1,2021-06-01,18.782500000000002
93,2021-06-02,45256.354166666664,54719.083333333336,14114.083333333334,9462.729166666666,978.9166666666666,39626.083333333336,2728.0625,1904.4583333333333,8473.9375,-602.7708333333334,1007.625,434.75,-8853.416666666666,25.609166666666667,6,2,2021-06-02,18.975208333333335
94,2021-06-03,45520.1875,53126.0625,12939.979166666666,7605.875,1007.7916666666666,39178.291666666664,1215.8958333333333,2129.125,8577.770833333334,-448.3958333333333,1017.1875,429.9166666666667,-7150.8125,25.656666666666666,6,3,2021-06-03,19.490833333333335
95,2021-06-04,44927.229166666664,54867.895833333336,13330.979166666666,9940.666666666666,2088.3333333333335,39448.583333333336,1642.375,1476.3958333333333,9181.875,-378.9791666666667,1030.3333333333333,432.2708333333333,-9558.979166666666,52.166875000000005,6,4,2021-06-04,17.937812499999996
96,2021-06-05,39851.6875,53616.166666666664,14249.854166666666,13764.479166666666,1217.0625,38149.25,2011.3333333333333,2448.6458333333335,8751.395833333334,-672.5416666666666,1038.4791666666667,415.3333333333333,-13084.75,33.65604166666667,6,5,2021-06-05,16.739270833333332
97,2021-06-06,37901.5625,51956.145833333336,13380.145833333334,14054.583333333334,988.2916666666666,37587.708333333336,1553.5,2330.6666666666665,8443.166666666666,-1185.6875,1052.8125,410.2708333333333,-12861.979166666666,29.349166666666665,6,6,2021-06-06,16.68208333333333
98,2021-06-07,44228.145833333336,55044.604166666664,13539.270833333334,10816.458333333334,2701.875,38803.458333333336,1131.5208333333333,2358.7916666666665,9002.395833333334,-466.4791666666667,1046.5625,421.9166666666667,-10343.520833333334,60.873124999999995,6,7,2021-06-07,17.854583333333334
99,2021-06-08,45389.583333333336,56624.916666666664,13911.0,11235.333333333334,3060.8125,39653.104166666664,958.0833333333334,2767.1875,9178.708333333334,-340.3958333333333,1007.0208333333334,429.3958333333333,-10889.125,68.006875,6,8,2021-06-08,18.82979166666666
100,2021-06-09,45795.916666666664,55981.375,13871.229166666666,10185.458333333334,2567.2291666666665,39542.916666666664,1036.625,2795.1458333333335,9047.1875,-247.1875,992.2708333333334,428.4583333333333,-9932.3125,58.46666666666667,6,9,2021-06-09,19.567395833333332
101,2021-06-10,46080.958333333336,56221.875,13803.125,10140.916666666666,2911.0,39507.75,1014.1666666666666,2810.3541666666665,8994.916666666666,-474.0,983.6875,427.5625,-9660.854166666666,65.73,6,10,2021-06-10,20.3428125
102,2021-06-11,45788.833333333336,55919.645833333336,14218.6875,10130.8125,2423.0625,39277.895833333336,1286.7916666666667,2753.5625,9155.854166666666,-539.7291666666666,1022.4791666666666,424.9583333333333,-9586.541666666666,56.04770833333333,6,11,2021-06-11,20.870520833333334
103,2021-06-12,40936.916666666664,51285.6875,13242.125,10348.770833333334,861.0416666666666,37182.520833333336,1487.3541666666667,2567.875,8163.395833333333,-1272.6041666666667,1023.5,399.8541666666667,-9071.791666666666,24.884375000000002,6,12,2021-06-12,20.84302083333333
104,2021-06-13,38675.166666666664,47742.270833333336,13314.125,9067.104166666666,500.4583333333333,33927.6875,1797.1875,2883.6041666666665,7639.625,-1361.0208333333333,993.7083333333334,365.9583333333333,-7701.416666666667,16.831041666666668,6,13,2021-06-13,21.426458333333333
105,2021-06-14,45799.666666666664,54434.020833333336,14292.895833333334,8634.354166666666,1973.1666666666667,38167.958333333336,1399.3125,3044.75,8877.666666666666,-334.125,971.1666666666666,407.25,-8295.583333333334,46.63458333333333,6,14,2021-06-14,21.96552083333334
106,2021-06-15,47352.416666666664,53855.854166666664,12989.229166666666,6503.4375,2780.2916666666665,38086.333333333336,881.3541666666666,2952.7291666666665,8182.0,-281.5416666666667,973.1458333333334,406.1458333333333,-6214.895833333333,62.94770833333334,6,15,2021-06-15,22.373020833333342
107,2021-06-16,47946.8125,53897.479166666664,12911.083333333334,5950.666666666667,3039.2083333333335,37947.1875,1147.2916666666667,2499.2708333333335,8296.75,-373.9166666666667,967.7708333333334,406.1666666666667,-5573.958333333333,68.33729166666667,6,16,2021-06-16,23.481458333333325
108,2021-06-17,47192.0625,53940.625,14004.1875,6748.5625,2779.7916666666665,37156.645833333336,2935.9583333333335,1512.8125,8590.979166666666,-460.2708333333333,964.4375,401.1458333333333,-6285.520833333333,61.08354166666666,6,17,2021-06-17,22.47916666666667
109,2021-06-18,46039.9375,54406.375,16039.125,8366.4375,2271.6666666666665,36095.583333333336,3764.3125,2341.7083333333335,8984.229166666666,-364.3125,948.875,398.8333333333333,-7998.6875,52.51541666666666,6,18,2021-06-18,22.12489583333333
110,2021-06-19,41231.3125,49290.395833333336,12639.166666666666,8059.083333333333,1288.2916666666667,35362.9375,1968.25,1934.0416666666667,7799.895833333333,-534.2708333333334,936.9791666666666,391.2291666666667,-7516.1875,34.094791666666666,6,19,2021-06-19,21.755833333333328
111,2021-06-20,38444.3125,48668.083333333336,12048.020833333334,10223.770833333334,627.75,35992.3125,2202.1666666666665,1734.5208333333333,7137.916666666667,-932.0833333333334,973.4166666666666,392.5625,-9281.229166666666,20.789583333333333,6,20,2021-06-20,20.57000000000001
112,2021-06-21,44648.083333333336,54170.583333333336,13803.958333333334,9522.5,2013.1041666666667,38353.520833333336,2050.6875,2235.1875,8586.833333333334,-379.375,931.25,413.5416666666667,-9136.916666666666,46.68687499999999,6,21,2021-06-21,19.87500000000001
113,2021-06-22,45516.041666666664,55816.583333333336,14959.3125,10300.541666666666,2459.5,38397.770833333336,3538.2083333333335,1930.1875,8553.625,-386.6041666666667,937.2916666666666,411.5,-9908.0625,55.40520833333333,6,22,2021-06-22,17.870833333333334
114,2021-06-23,45665.333333333336,56410.5625,13621.854166666666,10745.229166666666,2689.25,40099.458333333336,2109.4791666666665,1732.8125,8814.729166666666,-329.8125,964.8333333333334,433.7291666666667,-10404.75,59.54229166666667,6,23,2021-06-23,17.324166666666667
115,2021-06-24,45452.395833333336,56258.9375,13573.395833333334,10806.541666666666,2702.7083333333335,39982.833333333336,1758.4166666666667,1971.1041666666667,8857.229166666666,-308.9583333333333,986.6458333333334,432.0208333333333,-10475.291666666666,60.35125,6,24,2021-06-24,17.12895833333333
116,2021-06-25,44847.729166666664,55910.979166666664,13494.854166666666,11063.25,2595.0625,39821.0625,1332.375,2603.6875,8523.9375,-207.64583333333334,1034.8541666666667,430.0,-10825.75,57.802083333333336,6,25,2021-06-25,17.2071875
117,2021-06-26,40317.270833333336,53301.770833333336,12303.25,12984.5,1898.4166666666667,39100.104166666664,694.375,2598.3958333333335,7941.75,-483.125,1068.7291666666667,420.8541666666667,-12494.354166666666,59.13999999999999,6,26,2021-06-26,18.743645833333325
118,2021-06-27,38415.958333333336,50386.5625,11561.229166666666,11970.604166666666,843.7083333333334,37981.625,1813.0833333333333,1526.0416666666667,7127.041666666667,-873.6458333333334,1095.0625,409.1875,-11079.8125,26.348125,6,27,2021-06-27,19.478124999999995
119,2021-06-28,44568.8125,55421.875,12332.833333333334,10853.0625,2724.0625,40364.979166666664,1242.2708333333333,1853.2708333333333,8163.083333333333,-328.1458333333333,1074.2083333333333,434.2083333333333,-10511.833333333334,64.19354166666666,6,28,2021-06-28,18.931874999999994
120,2021-06-29,45594.375,57284.583333333336,13231.1875,11690.208333333334,3434.9166666666665,40618.479166666664,1615.125,2049.1875,8483.625,-291.2083333333333,1083.25,437.0,-11398.0,81.58145833333333,6,29,2021-06-29,17.367812500000003
121,2021-06-30,45629.395833333336,56088.75,13621.708333333334,10459.354166666666,3075.4791666666665,39391.5625,1981.5625,2119.625,8427.5625,-360.9166666666667,1092.9583333333333,423.6458333333333,-10082.4375,66.62208333333334,6,30,2021-06-30,17.090625
122,2021-07-01,46018.854166666664,54502.3125,13553.1875,8483.458333333334,2827.2708333333335,38121.854166666664,830.4166666666666,2708.7916666666665,8854.75,-274.6666666666667,1159.2291666666667,410.2291666666667,-8196.416666666666,61.034166666666664,7,1,2021-07-01,18.590833333333332
123,2021-07-02,45959.916666666664,54260.6875,12862.416666666666,8300.770833333334,3367.9791666666665,38030.291666666664,476.25,2764.25,8456.541666666666,-254.04166666666666,1165.375,412.3333333333333,-8036.083333333333,73.52916666666667,7,2,2021-07-02,19.872916666666658
124,2021-07-03,40925.75,51508.229166666664,12557.520833333334,10582.479166666666,1600.25,37350.458333333336,1526.3333333333333,1868.2291666666667,7977.104166666667,-409.625,1185.8541666666667,405.4166666666667,-10159.75,41.385,7,3,2021-07-03,20.280833333333323
125,2021-07-04,38509.416666666664,49606.375,12919.729166666666,11096.958333333334,886.5833333333334,35800.0625,2312.625,1692.0833333333333,7745.729166666667,-684.6458333333334,1169.2916666666667,378.3333333333333,-10399.166666666666,26.769791666666666,7,4,2021-07-04,19.426562499999996
126,2021-07-05,45019.25,55261.0625,14722.979166666666,10241.8125,2897.3541666666665,37640.729166666664,3313.6666666666665,2557.5833333333335,7709.166666666667,-223.27083333333334,1142.5625,397.6458333333333,-9995.833333333334,66.16395833333333,7,5,2021-07-05,20.126875000000002
127,2021-07-06,45806.270833333336,57447.5625,17156.541666666668,11641.291666666666,1829.25,38461.770833333336,7145.479166666667,1708.1666666666667,7148.666666666667,-371.9375,1154.2291666666667,406.6458333333333,-11268.395833333334,48.48833333333334,7,6,2021-07-06,18.881249999999998
128,2021-07-07,45986.895833333336,55699.9375,13400.1875,9713.041666666666,3133.6458333333335,39166.104166666664,2171.0833333333335,2273.5625,7798.729166666667,-382.75,1156.8125,414.6875,-9329.354166666666,74.60125000000001,7,7,2021-07-07,18.698125
129,2021-07-08,45972.729166666664,56574.104166666664,12804.104166666666,10601.375,4042.8958333333335,39727.104166666664,1579.625,2246.8541666666665,7817.958333333333,-349.8125,1159.6666666666667,420.25,-10246.4375,91.12770833333333,7,8,2021-07-08,17.976458333333323
130,2021-07-09,45568.395833333336,55180.0,12592.75,9611.604166666666,4197.270833333333,38389.979166666664,780.1041666666666,2713.75,7921.3125,-330.7708333333333,1177.5833333333333,407.4375,-9272.75,93.41958333333334,7,9,2021-07-09,18.179270833333337
131,2021-07-10,40853.958333333336,47538.3125,11518.520833333334,6684.354166666667,1705.0833333333333,34314.708333333336,961.1875,2349.9166666666665,7021.5,-438.8333333333333,1185.9166666666667,375.3958333333333,-6235.708333333333,45.04708333333334,7,10,2021-07-10,18.37489583333333
132,2021-07-11,38656.8125,47207.145833333336,11489.333333333334,8550.333333333334,1254.7708333333333,34463.041666666664,652.8333333333334,2873.25,6789.25,-658.4375,1174.0,375.875,-7880.6875,36.84979166666667,7,11,2021-07-11,19.48489583333333
133,2021-07-12,44852.8125,51625.875,12673.229166666666,6773.0625,3213.7708333333335,35738.875,2295.2916666666665,1469.2083333333333,7768.208333333333,-296.0625,1140.5208333333333,387.8333333333333,-6466.416666666667,73.89229166666667,7,12,2021-07-12,18.506770833333338
134,2021-07-13,45320.041666666664,55144.979166666664,14770.770833333334,9824.9375,3230.3125,37143.895833333336,3841.625,1708.6875,8070.875,-129.22916666666666,1149.5833333333333,407.8125,-9685.770833333334,72.59875000000001,7,13,2021-07-13,16.923958333333328
135,2021-07-14,40284.5,54594.708333333336,15775.833333333334,14310.208333333334,1290.2916666666667,37528.583333333336,5468.354166666667,1659.8125,7479.020833333333,-661.5208333333334,1168.6458333333333,407.5,-13637.083333333334,36.09375,7,14,2021-07-14,17.381979166666667
136,2021-07-15,44809.458333333336,56381.020833333336,17538.5,11571.5625,1513.9583333333333,37328.5625,6276.145833333333,2067.2083333333335,8045.020833333333,-541.3541666666666,1150.125,401.2291666666667,-11020.458333333334,37.03270833333333,7,15,2021-07-15,18.600937499999997
137,2021-07-16,44845.833333333336,55649.604166666664,15390.479166666666,10803.770833333334,1585.5833333333333,38673.541666666664,3737.7708333333335,2325.75,8166.6875,-321.2083333333333,1160.2708333333333,416.0208333333333,-10474.041666666666,39.110416666666666,7,16,2021-07-16,19.0271875
138,2021-07-17,40594.604166666664,53583.520833333336,14508.895833333334,12988.916666666666,1146.5,37928.125,2966.375,2855.3958333333335,7482.4375,-741.5833333333334,1204.6875,410.1875,-12240.020833333334,32.75145833333333,7,17,2021-07-17,19.824583333333326
139,2021-07-18,38726.1875,51475.979166666664,16061.041666666666,12749.791666666666,708.4791666666666,34706.458333333336,4609.541666666667,3067.0208333333335,7213.229166666667,-961.1458333333334,1171.25,387.0625,-11782.125,23.495625,7,18,2021-07-18,22.265
140,2021-07-19,45714.145833333336,56649.166666666664,15584.083333333334,10935.020833333334,2875.9166666666665,38189.166666666664,3579.0,3141.2708333333335,7722.145833333333,-362.6458333333333,1141.6666666666667,424.5208333333333,-10568.041666666666,66.0225,7,19,2021-07-19,23.107083333333335
141,2021-07-20,47128.916666666664,56142.145833333336,13633.833333333334,9013.229166666666,3047.6458333333335,39460.666666666664,2145.375,3083.6875,7285.729166666667,-259.75,1119.0416666666667,442.625,-8730.8125,69.52,7,20,2021-07-20,22.869270833333335
142,2021-07-21,47481.083333333336,56350.625,12999.854166666666,8869.541666666666,3728.6666666666665,39622.104166666664,1588.1041666666667,2898.1666666666665,7387.5,-284.9583333333333,1126.0833333333333,444.2291666666667,-8583.25,88.46895833333333,7,21,2021-07-21,22.76947916666666
143,2021-07-22,47673.375,55507.8125,13657.958333333334,7834.4375,2916.6666666666665,38933.1875,1832.5416666666667,3043.5625,7657.666666666667,-153.10416666666666,1124.1875,435.7916666666667,-7680.291666666667,72.52625,7,22,2021-07-22,22.887604166666662
144,2021-07-23,46914.875,56717.291666666664,14684.0625,9802.416666666666,1836.6875,40196.541666666664,3565.0625,2382.0625,7573.8125,-224.27083333333334,1163.125,452.6875,-9570.9375,48.572916666666664,7,23,2021-07-23,23.093749999999975
145,2021-07-24,41237.9375,52002.916666666664,13333.541666666666,10764.979166666666,751.6458333333334,37917.729166666664,3172.1041666666665,2081.9583333333335,6873.0,-496.2916666666667,1206.4791666666667,434.2708333333333,-10261.166666666666,23.680833333333336,7,24,2021-07-24,21.543229166666674
146,2021-07-25,38785.0,50724.479166666664,12668.416666666666,11939.479166666666,728.3125,37327.75,2745.4583333333335,2228.8958333333335,6450.916666666667,-925.2083333333334,1243.1458333333333,427.3541666666667,-11010.395833333334,24.436041666666668,7,25,2021-07-25,20.427187500000002
147,2021-07-26,44645.354166666664,56222.75,13007.125,11577.395833333334,2487.1666666666665,40728.458333333336,2098.9791666666665,2397.3541666666665,7272.3125,-245.77083333333334,1238.4791666666667,459.8333333333333,-11328.4375,59.668749999999996,7,26,2021-07-26,20.42791666666667
148,2021-07-27,45711.520833333336,55203.8125,12948.708333333334,9492.291666666666,1449.1041666666667,40806.0,2244.8541666666665,1916.6458333333333,7524.145833333333,-110.75,1263.0625,459.8125,-9378.291666666666,37.10604166666666,7,27,2021-07-27,19.661041666666673
149,2021-07-28,45249.0,56442.416666666664,14762.895833333334,11193.416666666666,699.375,40980.145833333336,4411.208333333333,2137.375,6943.770833333333,-455.3541666666667,1270.5416666666667,459.5416666666667,-10734.270833333334,20.236875,7,28,2021-07-28,19.725937499999997
150,2021-07-29,45222.270833333336,55160.416666666664,13563.9375,9938.145833333334,639.3125,40957.166666666664,3088.7916666666665,2630.9166666666665,6544.3125,-609.7083333333334,1299.9166666666667,458.5625,-9326.4375,18.56895833333333,7,29,2021-07-29,19.705000000000002
151,2021-07-30,44044.583333333336,56514.083333333336,15251.895833333334,12469.5,475.2916666666667,40786.895833333336,5760.0,2022.875,6159.166666666667,-637.2083333333334,1309.8541666666667,455.1666666666667,-11828.1875,15.527083333333332,7,30,2021-07-30,19.630104166666662
152,2021-07-31,39721.645833333336,51248.166666666664,12349.875,11526.520833333334,532.1041666666666,38366.1875,3295.6041666666665,1629.6666666666667,6134.791666666667,-954.2916666666666,1289.8125,424.1666666666667,-10567.6875,18.692708333333332,7,31,2021-07-31,18.1596875
153,2021-08-01,36716.833333333336,51206.333333333336,11897.416666666666,14489.5,589.2291666666666,38719.6875,2095.9791666666665,2222.875,6359.8125,-887.7916666666666,1218.75,425.25,-13591.770833333334,21.222916666666666,8,1,2021-08-01,17.685729166666675
154,2021-08-02,40912.145833333336,51995.625,10937.083333333334,11083.479166666666,910.6666666666666,40147.875,961.75,2412.1458333333335,6377.208333333333,-543.875,1185.9791666666667,438.1875,-10531.104166666666,26.242708333333336,8,2,2021-08-02,17.996145833333333
155,2021-08-03,41803.354166666664,51845.604166666664,10553.520833333334,10042.25,1154.1041666666667,40137.979166666664,1002.5416666666666,1548.3125,6825.104166666667,-244.72916666666666,1177.5625,434.0,-9788.5625,31.504375,8,3,2021-08-03,17.41010416666666
156,2021-08-04,41639.479166666664,51445.354166666664,10653.416666666666,9805.875,1273.0833333333333,39518.854166666664,951.6041666666666,1368.8125,7130.104166666667,-420.7291666666667,1202.8958333333333,423.7083333333333,-9371.875,34.726875,8,4,2021-08-04,17.524687500000017
157,2021-08-05,41068.1875,53430.541666666664,13783.541666666666,12362.354166666666,836.7708333333334,38810.229166666664,3382.375,2083.8958333333335,7143.854166666667,-286.875,1173.4166666666667,419.5,-12064.729166666666,24.223125,8,5,2021-08-05,19.13822916666666
158,2021-08-06,40451.333333333336,51451.083333333336,15214.979166666666,10999.75,599.0833333333334,35637.020833333336,5854.604166666667,1987.1666666666667,6272.229166666667,-1071.8125,1100.9791666666667,389.8541666666667,-9918.270833333334,19.318541666666665,8,6,2021-08-06,19.622916666666672
159,2021-08-07,37244.375,49432.5625,14531.270833333334,12188.1875,582.1666666666666,34319.125,5536.5625,1660.0208333333333,6224.75,-779.0416666666666,1109.9375,375.625,-11399.083333333334,20.57125,8,7,2021-08-07,18.2609375
160,2021-08-08,35502.375,44659.0625,13932.520833333334,9156.6875,679.2083333333334,30047.333333333332,4795.916666666667,2181.3958333333335,5870.729166666667,-1101.4583333333333,1084.4791666666667,336.8541666666667,-8045.4375,24.109166666666667,8,8,2021-08-08,17.73916666666667
161,2021-08-09,39637.75,50938.520833333336,13134.833333333334,11300.770833333334,840.0625,36963.625,2708.6666666666665,2435.2708333333335,6929.020833333333,-571.6041666666666,1061.875,397.7708333333333,-10716.291666666666,25.721249999999998,8,9,2021-08-09,18.527500000000007
162,2021-08-10,40946.4375,50634.770833333336,11550.916666666666,9688.333333333334,1225.9375,37857.916666666664,836.8541666666666,2623.125,7024.3125,-414.625,1066.625,403.5625,-9243.208333333334,34.830416666666665,8,10,2021-08-10,20.491041666666664
163,2021-08-11,41808.291666666664,50254.9375,11193.479166666666,8446.645833333334,1727.5208333333333,37333.9375,378.5,2779.5625,6984.333333333333,-301.3333333333333,1051.0833333333333,394.625,-8129.520833333333,47.194375,8,11,2021-08-11,21.738125
164,2021-08-12,42395.083333333336,50531.3125,11134.333333333334,8136.229166666667,1827.2083333333333,37569.770833333336,503.9583333333333,2329.6041666666665,7252.75,-264.9791666666667,1048.0208333333333,408.7291666666667,-7852.1875,48.42333333333334,8,12,2021-08-12,23.3034375
165,2021-08-13,42587.541666666664,48575.541666666664,11367.291666666666,5988.0,1099.9791666666667,36108.270833333336,890.25,2485.125,6938.645833333333,-401.3333333333333,1053.2708333333333,399.1041666666667,-5569.5,31.388125000000002,8,13,2021-08-13,23.209062499999998
166,2021-08-14,40146.291666666664,47542.895833333336,10848.4375,7396.604166666667,692.5625,36001.895833333336,669.2916666666666,2748.4375,6346.916666666667,-514.8333333333334,1083.7916666666667,392.3333333333333,-6863.8125,23.028541666666666,8,14,2021-08-14,23.965416666666673
167,2021-08-15,37757.916666666664,47993.729166666664,10836.291666666666,10235.8125,612.6458333333334,36544.791666666664,2518.75,2110.9583333333335,5141.479166666667,-835.3958333333334,1065.1041666666667,405.0833333333333,-9382.895833333334,21.42,8,15,2021-08-15,23.02916666666667
168,2021-08-16,40818.770833333336,51721.604166666664,13358.1875,10902.833333333334,594.875,37768.541666666664,4737.375,1973.1041666666667,5576.916666666667,-586.6458333333334,1070.7916666666667,421.2916666666667,-10291.020833333334,18.945416666666667,8,16,2021-08-16,19.721250000000005
169,2021-08-17,41677.791666666664,52578.479166666664,11374.708333333334,10900.6875,535.8541666666666,40667.916666666664,2798.0,2007.2083333333333,5490.145833333333,-460.8541666666667,1079.3541666666667,453.5625,-10429.541666666666,16.824583333333333,8,17,2021-08-17,17.548333333333332
170,2021-08-18,42035.666666666664,52403.520833333336,10390.3125,10367.854166666666,800.7916666666666,41212.416666666664,2055.375,1688.0,5564.916666666667,-399.5416666666667,1082.0208333333333,440.375,-9921.9375,22.876041666666666,8,18,2021-08-18,17.96822916666667
171,2021-08-19,42231.3125,53073.104166666664,10025.416666666666,10841.791666666666,1523.4166666666667,41524.270833333336,1360.4375,1783.625,5802.729166666667,-231.60416666666666,1078.625,455.3541666666667,-10595.416666666666,47.935624999999995,8,19,2021-08-19,18.827291666666664
172,2021-08-20,42444.5625,53768.6875,10002.458333333334,11324.125,2261.0625,41505.166666666664,494.0625,2613.0625,5831.958333333333,-256.4166666666667,1063.375,456.3541666666667,-11065.729166666666,73.31916666666667,8,20,2021-08-20,19.931979166666665
173,2021-08-21,39482.833333333336,50474.0625,9500.8125,10991.229166666666,1917.6458333333333,39055.604166666664,1360.9166666666667,2279.9583333333335,4802.75,-234.60416666666666,1057.1875,427.75,-10754.375,68.17729166666668,8,21,2021-08-21,20.598229166666663
174,2021-08-22,37494.5,50924.270833333336,10578.104166666666,13429.770833333334,1145.3958333333333,39200.770833333336,3429.2916666666665,1926.7708333333333,4169.979166666667,-847.4791666666666,1052.0625,428.3125,-12570.020833333334,40.123333333333335,8,22,2021-08-22,20.33385416666666
175,2021-08-23,42711.145833333336,54368.416666666664,12089.229166666666,11657.270833333334,1328.4375,40950.75,3133.8333333333335,2325.1458333333335,5591.083333333333,-363.9166666666667,1039.1666666666667,445.25,-11283.854166666666,35.4825,8,23,2021-08-23,18.80083333333334
176,2021-08-24,43469.1875,55806.0,13817.8125,12336.8125,1242.9791666666667,40745.208333333336,5516.3125,2183.5208333333335,5078.583333333333,-526.375,1039.3958333333333,443.7083333333333,-11801.416666666666,32.69354166666667,8,24,2021-08-24,19.360937500000002
177,2021-08-25,43833.0625,54919.083333333336,12663.583333333334,11086.020833333334,1292.8541666666667,40962.645833333336,3877.3541666666665,2668.0625,5033.0,-458.5,1085.1666666666667,446.4583333333333,-10616.291666666666,33.319375,8,25,2021-08-25,19.070833333333344
178,2021-08-26,44505.770833333336,54792.291666666664,11839.291666666666,10286.520833333334,1377.7291666666667,41575.270833333336,2982.6458333333335,2540.0625,5232.041666666667,-483.2291666666667,1084.5416666666667,451.125,-9793.1875,34.626666666666665,8,26,2021-08-26,18.55208333333333
179,2021-08-27,43960.5,54515.208333333336,11643.395833333334,10554.708333333334,1492.0416666666667,41379.770833333336,2955.3333333333335,2474.7708333333335,5121.229166666667,-265.625,1092.0625,448.5,-10278.958333333334,37.158125,8,27,2021-08-27,17.78041666666667
180,2021-08-28,39677.166666666664,52644.333333333336,11819.104166666666,12967.166666666666,668.5625,40156.666666666664,3707.9166666666665,2555.8958333333335,4448.25,-604.8958333333334,1107.0416666666667,437.1875,-12349.9375,20.799583333333334,8,28,2021-08-28,16.998541666666668
181,2021-08-29,37978.020833333336,51227.916666666664,10368.8125,13249.895833333334,654.25,40204.854166666664,3100.6041666666665,2304.25,3841.1666666666665,-886.125,1122.7916666666667,438.625,-12352.416666666666,21.43958333333333,8,29,2021-08-29,16.93635416666667
182,2021-08-30,44257.916666666664,56004.083333333336,11975.979166666666,11746.166666666666,1654.9166666666667,42373.1875,3270.6875,2197.9375,5407.375,-275.3958333333333,1099.9791666666667,458.0833333333333,-11439.104166666666,39.471875000000004,8,30,2021-08-30,17.69614583333333
183,2021-08-31,45638.5625,57626.145833333336,12231.0625,11987.583333333334,2281.875,43113.208333333336,3597.25,2399.1458333333335,5163.041666666667,-288.5,1071.625,464.9166666666667,-11695.166666666666,60.8425,8,31,2021-08-31,18.47125000000001
184,2021-09-01,46422.833333333336,59623.958333333336,14276.8125,13201.125,2321.7916666666665,43025.354166666664,5512.125,2558.9583333333335,5084.791666666667,-362.75,1120.9375,465.2083333333333,-12837.25,66.60625,9,1,2021-09-01,18.541979166666664
185,2021-09-02,46433.895833333336,58486.395833333336,13005.9375,12052.5,2237.25,43243.208333333336,4769.9375,1877.9375,5224.958333333333,-405.0833333333333,1133.1041666666667,467.5833333333333,-11645.958333333334,64.25750000000001,9,2,2021-09-02,19.35083333333333
186,2021-09-03,45946.1875,55320.729166666664,9696.166666666666,9374.541666666666,2391.5625,43233.0,1573.6458333333333,1731.7291666666667,5230.145833333333,-371.6666666666667,1160.6458333333333,464.4583333333333,-9000.979166666666,70.08458333333333,9,3,2021-09-03,20.206458333333334
187,2021-09-04,41106.208333333336,50777.979166666664,8201.270833333334,9671.770833333334,1863.4375,40713.270833333336,658.875,2203.9791666666665,4177.395833333333,-389.1875,1161.0208333333333,444.5208333333333,-9281.104166666666,63.486250000000005,9,4,2021-09-04,20.97052083333333
188,2021-09-05,39339.854166666664,49624.4375,8012.1875,10284.583333333334,1585.1875,40027.0625,456.7916666666667,2645.7708333333335,3752.8541666666665,-677.7708333333334,1156.7708333333333,428.625,-9605.625,61.310624999999995,9,5,2021-09-05,21.327812499999993
189,2021-09-06,46007.770833333336,55605.833333333336,9586.854166666666,9598.0625,3705.5208333333335,42313.458333333336,1364.3125,2665.5208333333335,4429.1875,-367.75,1127.8333333333333,449.0625,-9229.104166666666,102.00083333333333,9,6,2021-09-06,22.18489583333333
190,2021-09-07,47206.0625,58518.208333333336,11707.270833333334,11312.145833333334,3497.6041666666665,43313.333333333336,3701.0833333333335,2406.8958333333335,4447.3125,-340.0416666666667,1151.9791666666667,457.6875,-10971.125,94.81333333333333,9,7,2021-09-07,22.492812500000003
191,2021-09-08,47180.979166666664,57538.25,11606.583333333334,10357.270833333334,3157.9791666666665,42773.6875,3822.8958333333335,1979.625,4653.0,-404.9375,1151.0625,450.7083333333333,-9950.8125,87.55666666666667,9,8,2021-09-08,22.221249999999998
192,2021-09-09,46892.916666666664,56372.291666666664,9304.041666666666,9479.375,4882.479166666667,42185.770833333336,2407.1875,1281.2916666666667,4473.791666666667,-362.3958333333333,1141.7708333333333,447.4583333333333,-9116.583333333334,122.29854166666667,9,9,2021-09-09,21.006875
193,2021-09-10,45994.416666666664,56120.4375,9965.125,10126.020833333334,4977.729166666667,41177.583333333336,1944.1666666666667,1595.4375,5269.916666666667,-200.39583333333334,1155.6041666666667,439.6875,-9923.9375,129.32375,9,10,2021-09-10,20.260312499999994
194,2021-09-11,40723.166666666664,50825.333333333336,9085.770833333334,10102.166666666666,2817.5208333333335,38922.041666666664,1182.4375,2349.5833333333335,4391.395833333333,-681.1458333333334,1162.3541666666667,418.8125,-9417.625,82.62979166666666,9,11,2021-09-11,19.026458333333334
195,2021-09-12,38726.895833333336,48378.166666666664,7641.166666666667,9651.270833333334,1221.6666666666667,39515.333333333336,623.5416666666666,2566.9166666666665,3317.1666666666665,-1227.4583333333333,1133.5416666666667,422.7708333333333,-8421.416666666666,45.37833333333333,9,12,2021-09-12,18.79760416666666
196,2021-09-13,45210.0,55135.479166666664,9924.375,9925.479166666666,4103.6875,41107.416666666664,1740.875,2188.0416666666665,4904.166666666667,-424.0416666666667,1091.2916666666667,438.625,-9498.583333333334,103.87729166666666,9,13,2021-09-13,20.18166666666667
197,2021-09-14,46685.75,54933.083333333336,10250.770833333334,8247.333333333334,4208.354166666667,40473.958333333336,2460.0833333333335,1312.0833333333333,5400.270833333333,-140.08333333333334,1078.3333333333333,431.8541666666667,-8105.0625,103.50604166666666,9,14,2021-09-14,21.400937499999994
198,2021-09-15,46798.166666666664,53683.041666666664,9182.3125,6884.875,3769.0,40731.729166666664,1774.0,1311.6666666666667,4998.583333333333,-352.6041666666667,1098.0625,434.7291666666667,-6530.625,92.72333333333334,9,15,2021-09-15,20.652083333333334
199,2021-09-16,46331.895833333336,53467.291666666664,8459.854166666666,7135.395833333333,3549.5625,41457.875,643.7291666666666,1351.2916666666667,5331.0625,-396.6666666666667,1133.7708333333333,442.25,-6737.645833333333,86.94020833333333,9,16,2021-09-16,18.960833333333326
200,2021-09-17,45484.479166666664,53684.229166666664,9753.666666666666,8199.75,3553.2083333333335,40377.354166666664,687.3541666666666,2182.8541666666665,5760.0625,-463.1041666666667,1123.3958333333333,428.9166666666667,-7735.104166666667,89.17625,9,17,2021-09-17,18.143958333333337
201,2021-09-18,40720.791666666664,47607.416666666664,9185.145833333334,6886.625,1863.4791666666667,36558.791666666664,1445.6458333333333,1583.8333333333333,5033.645833333333,-779.8958333333334,1122.0208333333333,396.4583333333333,-6104.166666666667,59.796875,9,18,2021-09-18,17.66281250000001
202,2021-09-19,38638.729166666664,47190.541666666664,9712.0,8551.8125,1200.2916666666667,36278.25,2811.4583333333335,1587.9791666666667,4212.291666666667,-1115.0625,1100.2708333333333,393.6875,-7433.479166666667,44.431875,9,19,2021-09-19,16.212708333333335
203,2021-09-20,44867.25,53595.104166666664,10115.625,8727.854166666666,4453.708333333333,39025.770833333336,2031.4791666666667,1599.9791666666667,5418.5625,-521.7916666666666,1065.6041666666667,420.0208333333333,-8205.270833333334,117.1825,9,20,2021-09-20,16.2628125
204,2021-09-21,45931.979166666664,54891.291666666664,10638.979166666666,8959.3125,3471.0833333333335,40781.229166666664,2523.7708333333335,1887.7916666666667,5223.520833333333,-340.2708333333333,1003.8958333333334,434.8125,-8619.0625,92.43374999999999,9,21,2021-09-21,15.823958333333337
205,2021-09-22,46088.020833333336,54625.666666666664,10643.458333333334,8537.645833333334,3333.2916666666665,40648.916666666664,1555.6875,2453.4791666666665,5608.5625,-520.6041666666666,1025.7291666666667,435.0208333333333,-8016.3125,89.90729166666667,9,22,2021-09-22,15.744687499999992
206,2021-09-23,46220.958333333336,51411.4375,9143.1875,5190.479166666667,2381.3333333333335,39886.916666666664,1084.6458333333333,2459.9375,4525.041666666667,-418.1875,1073.5625,428.2291666666667,-4771.791666666667,71.37458333333333,9,23,2021-09-23,16.14385416666666
207,2021-09-24,45682.3125,50090.5,8569.8125,4408.1875,2585.5,38935.1875,730.1666666666666,2258.1458333333335,4518.354166666667,-490.9166666666667,1063.1458333333333,417.4583333333333,-3915.7916666666665,74.68229166666667,9,24,2021-09-24,17.1975
208,2021-09-25,41155.125,48043.833333333336,8023.4375,6888.708333333333,2779.0,37241.395833333336,1311.8333333333333,1571.7083333333333,4043.5208333333335,-1001.9375,1096.375,361.2916666666667,-5801.770833333333,93.45979166666666,9,25,2021-09-25,18.228854166666675
209,2021-09-26,38602.229166666664,47218.625,9011.270833333334,8616.395833333334,1420.0,36787.354166666664,2516.7916666666665,1509.0625,3947.7291666666665,-1155.7708333333333,1037.6875,358.6458333333333,-7355.791666666667,49.11479166666667,9,26,2021-09-26,18.743750000000002
210,2021-09-27,45201.020833333336,53288.145833333336,11929.270833333334,8087.125,3114.5833333333335,38244.291666666664,5332.395833333333,1479.0416666666667,4085.9583333333335,-891.3125,1031.875,370.4166666666667,-7094.458333333333,79.38729166666667,9,27,2021-09-27,17.606770833333325
211,2021-09-28,46700.583333333336,52784.625,9713.5625,6084.041666666667,3739.8125,39331.25,2225.0,1701.6875,4746.333333333333,-359.9166666666667,1040.5416666666667,380.3541666666667,-5627.708333333333,91.294375,9,28,2021-09-28,15.055312500000008
212,2021-09-29,46909.916666666664,54134.895833333336,13005.520833333334,7224.979166666667,1408.3333333333333,39721.041666666664,6130.958333333333,1869.9791666666667,3964.2708333333335,-652.75,1040.3125,382.9375,-6478.083333333333,40.693958333333335,9,29,2021-09-29,15.494166666666665
213,2021-09-30,47482.875,52603.229166666664,10447.791666666666,5120.354166666667,1736.5416666666667,40418.895833333336,2665.7708333333335,2344.4375,4389.166666666667,-460.9166666666667,1048.4166666666667,395.6041666666667,-4568.645833333333,45.969166666666666,9,30,2021-09-30,13.053020833333326
214,2021-10-01,47705.854166666664,53838.854166666664,12004.354166666666,6133.0,1061.6875,40772.8125,5442.5,1742.6666666666667,3762.3125,-791.7916666666666,1056.875,399.1875,-5249.645833333333,32.746874999999996,10,1,2021-10-01,13.83114583333333
215,2021-10-02,42954.979166666664,52263.6875,13912.416666666666,9308.708333333334,809.875,37541.395833333336,8223.041666666666,1560.8333333333333,3042.3125,-1441.5416666666667,1086.2291666666667,389.0,-7841.291666666667,26.810833333333335,10,2,2021-10-02,16.304270833333334
216,2021-10-03,40964.708333333336,48471.75,12884.604166666666,7507.041666666667,722.125,34865.020833333336,7775.0,726.6666666666666,3337.1458333333335,-1710.6666666666667,1045.7916666666667,371.6458333333333,-5785.895833333333,21.495833333333334,10,3,2021-10-03,16.238958333333333
217,2021-10-04,47268.604166666664,56561.875,13299.25,9293.270833333334,3687.5208333333335,39575.104166666664,5215.166666666667,1379.3333333333333,5690.291666666667,-750.0833333333334,1014.4583333333334,420.3125,-8541.791666666666,93.42791666666666,10,4,2021-10-04,13.767604166666672
218,2021-10-05,48914.958333333336,58855.541666666664,17619.833333333332,9940.583333333334,2406.1041666666665,38829.604166666664,9032.458333333334,1173.8958333333333,6389.270833333333,-483.75,1024.2083333333333,418.5833333333333,-9453.916666666666,67.59291666666667,10,5,2021-10-05,13.771874999999996
219,2021-10-06,49847.875,59508.875,16938.0,9661.0,2774.9583333333335,39795.916666666664,7136.8125,1975.1458333333333,6810.75,-574.7708333333334,1015.2916666666666,426.5625,-9084.666666666666,72.91375000000001,10,6,2021-10-06,13.170625000000001
220,2021-10-07,49108.979166666664,56392.229166666664,12587.4375,7283.25,4425.458333333333,39379.333333333336,1863.4166666666667,2130.1041666666665,7592.479166666667,-184.22916666666666,1001.4375,422.6458333333333,-7097.979166666667,106.74854166666667,10,7,2021-10-07,12.750833333333334
221,2021-10-08,49127.041666666664,56171.729166666664,12249.583333333334,7044.6875,3314.5833333333335,40607.5625,3714.1666666666665,2254.5625,5266.8125,-503.9375,1014.0416666666666,432.2083333333333,-6538.0625,82.69875,10,8,2021-10-08,13.056770833333339
222,2021-10-09,44081.5,52051.625,9137.8125,7970.125,1933.3125,40980.5,2601.3958333333335,1901.5208333333333,3564.2916666666665,-1379.5625,1070.6041666666667,437.25,-6589.104166666667,64.913125,10,9,2021-10-09,12.988124999999998
223,2021-10-10,42711.104166666664,51361.0,8017.541666666667,8649.895833333334,1778.3333333333333,41565.125,1888.25,2062.6666666666665,3012.0208333333335,-1413.7083333333333,1054.6041666666667,442.3958333333333,-7234.604166666667,64.38291666666667,10,10,2021-10-10,12.550000000000004
224,2021-10-11,49541.875,56880.333333333336,9561.333333333334,7338.458333333333,4300.208333333333,43018.791666666664,2678.8125,2093.5208333333335,3773.9166666666665,-698.8333333333334,1015.0833333333334,453.7708333333333,-6638.520833333333,107.49791666666665,10,11,2021-10-11,11.870624999999997
225,2021-10-12,51577.583333333336,56866.895833333336,9375.270833333334,5289.3125,3675.25,43816.375,2787.875,1996.0833333333333,3577.3125,-628.7708333333334,1014.0,461.375,-4659.395833333333,92.20229166666667,10,12,2021-10-12,11.2759375
226,2021-10-13,51877.9375,57429.770833333336,8857.770833333334,5551.833333333333,4705.0625,43866.9375,2096.1041666666665,2020.9583333333333,3698.2916666666665,-662.8333333333334,1042.4166666666667,462.2083333333333,-4888.291666666667,112.214375,10,13,2021-10-13,11.214166666666664
227,2021-10-14,53024.020833333336,57373.354166666664,8198.666666666666,4349.333333333333,5007.604166666667,44167.083333333336,1362.6875,2293.625,3474.0208333333335,-626.9166666666666,1068.3333333333333,463.6458333333333,-3721.5,116.84625,10,14,2021-10-14,10.538958333333333
228,2021-10-15,52381.895833333336,55660.791666666664,7927.833333333333,3278.8958333333335,4623.583333333333,43109.375,1077.1666666666667,1914.4166666666667,3856.8541666666665,-579.7291666666666,1079.3958333333333,453.6875,-2697.3541666666665,107.89875,10,15,2021-10-15,11.1934375
229,2021-10-16,47414.125,53583.291666666664,7696.291666666667,6169.166666666667,3000.4166666666665,42886.583333333336,1043.3958333333333,2038.9166666666667,3504.2083333333335,-1539.25,1109.7708333333333,450.2708333333333,-4627.708333333333,87.486875,10,16,2021-10-16,11.649375
230,2021-10-17,45798.833333333336,52498.166666666664,7487.520833333333,6699.333333333333,2429.9375,42580.708333333336,1580.4583333333333,1902.7291666666667,2892.7083333333335,-1566.0416666666667,1111.625,447.7291666666667,-5131.333333333333,78.78520833333333,10,17,2021-10-17,11.785416666666665
231,2021-10-18,52225.604166666664,58126.104166666664,10470.270833333334,5900.5,4580.458333333333,43075.375,2987.0625,1625.2708333333333,4789.5625,-672.875,1068.375,453.2083333333333,-5226.416666666667,106.61062500000001,10,18,2021-10-18,12.99072916666667
232,2021-10-19,50324.0,58018.854166666664,13384.354166666666,7694.854166666667,3271.6875,41362.8125,6729.25,1768.3125,3785.875,-595.375,1100.9166666666667,436.5625,-7097.270833333333,79.49020833333334,10,19,2021-10-19,16.556979166666668
233,2021-10-20,49926.0625,59290.833333333336,17471.395833333332,9364.770833333334,901.375,40918.0625,11819.395833333334,944.0,3621.4791666666665,-1085.9166666666667,1086.5208333333333,433.5,-8267.625,22.29875,10,20,2021-10-20,16.66625
234,2021-10-21,50623.375,58426.4375,15371.729166666666,7803.0625,2686.6041666666665,40368.104166666664,9324.1875,1329.5,3659.3541666666665,-740.5,1058.6875,425.0,-7054.291666666667,65.66562499999999,10,21,2021-10-21,13.79541666666667
235,2021-10-22,52438.333333333336,56047.729166666664,10466.333333333334,3609.3958333333335,5299.395833333333,40282.0,2873.75,1605.7916666666667,4885.9375,-520.8958333333334,1100.8541666666667,420.8125,-3087.125,125.07270833333332,10,22,2021-10-22,10.350625000000003
236,2021-10-23,48250.291666666664,52313.208333333336,8646.416666666666,4062.9166666666665,5169.8125,38496.979166666664,1612.1041666666667,2025.625,3888.8541666666665,-517.7708333333334,1119.8333333333333,401.5416666666667,-3543.6458333333335,136.3475,10,23,2021-10-23,10.245312500000002
237,2021-10-24,47291.416666666664,52136.833333333336,9116.666666666666,4845.416666666667,3196.5,39823.666666666664,3274.3958333333335,2019.2291666666667,2714.2291666666665,-1366.5208333333333,1108.8125,417.6875,-3476.8958333333335,91.555625,10,24,2021-10-24,10.159270833333325
238,2021-10-25,53073.833333333336,55476.625,8838.916666666666,2402.7916666666665,5895.208333333333,40742.5,2417.25,1363.5208333333333,3952.5833333333335,-509.0,1105.5625,433.5416666666667,-1891.9583333333333,137.15395833333335,10,25,2021-10-25,11.470729166666663
239,2021-10-26,53397.0625,56499.9375,8977.625,3102.875,5842.354166666667,41679.958333333336,2829.2916666666665,1383.0416666666667,3670.75,-366.1458333333333,1094.5416666666667,448.625,-2735.2083333333335,133.62229166666665,10,26,2021-10-26,12.659166666666664
240,2021-10-27,53587.895833333336,57506.833333333336,8896.666666666666,3918.9375,5601.6875,43008.479166666664,2214.9583333333335,1797.6666666666667,3766.7291666666665,-419.0625,1117.3125,460.8958333333333,-3497.75,126.83395833333333,10,27,2021-10-27,11.777604166666668
241,2021-10-28,53578.229166666664,61702.520833333336,12662.479166666666,8124.291666666667,5038.208333333333,44001.833333333336,6222.5625,1764.8125,3551.2916666666665,-487.5833333333333,1123.8125,470.1875,-7635.979166666667,114.15458333333333,10,28,2021-10-28,12.139270833333336
242,2021-10-29,52369.6875,60852.166666666664,14769.4375,8482.479166666666,3099.1666666666665,42983.5625,9517.625,880.5416666666666,3209.7083333333335,-846.9791666666666,1161.5625,461.1041666666667,-7635.6875,77.625625,10,29,2021-10-29,13.464999999999998
243,2021-10-30,47370.958333333336,55648.0625,12215.583333333334,8277.104166666666,1512.2291666666667,41920.25,6885.916666666667,603.4166666666666,3535.0416666666665,-1158.2083333333333,1191.2083333333333,450.8125,-7103.125,37.34645833333333,10,30,2021-10-30,13.902291666666663
244,2021-10-31,44514.625,53550.208333333336,14111.604166666666,9035.583333333334,1152.4166666666667,38286.1875,9087.5,938.375,2902.7916666666665,-2078.5,1182.9375,417.75,-6950.375,28.520416666666666,10,31,2021-10-31,14.646979166666668
245,2021-11-01,46753.083333333336,55588.979166666664,14274.479166666666,8835.895833333334,2628.7083333333335,38685.791666666664,7681.354166666667,1144.5208333333333,4267.166666666667,-1614.4166666666667,1181.4375,421.0833333333333,-7221.4375,64.481875,11,1,2021-11-01,12.118020833333334
246,2021-11-02,54789.395833333336,60825.854166666664,11724.375,6036.458333333333,7198.104166666667,41903.375,3504.2083333333335,1022.0208333333334,6083.791666666667,-677.1041666666666,1114.3541666666667,452.4583333333333,-5358.604166666667,148.23270833333333,11,2,2021-11-02,10.3296875
247,2021-11-03,57528.6875,61886.333333333336,11346.1875,4357.645833333333,8555.208333333334,41984.9375,3149.9791666666665,900.8333333333334,6198.25,-692.2708333333334,1097.125,445.7291666666667,-3664.8125,174.60729166666667,11,3,2021-11-03,9.0646875
248,2021-11-04,60109.333333333336,61457.729166666664,11048.229166666666,1348.3958333333333,7997.458333333333,42412.041666666664,3206.4166666666665,1124.4791666666667,5619.125,-620.25,1098.2083333333333,450.4583333333333,-726.5625,156.15291666666667,11,4,2021-11-04,7.618854166666668
249,2021-11-05,60260.145833333336,60319.895833333336,11090.125,59.75,7862.979166666667,41366.791666666664,2354.9583333333335,1184.2708333333333,6415.958333333333,-578.875,1134.9375,442.125,520.7083333333334,153.28708333333333,11,5,2021-11-05,8.138020833333336
250,2021-11-06,56824.645833333336,56554.708333333336,10490.333333333334,-269.9375,6543.0,39521.375,3321.8125,1482.4583333333333,4515.625,-1122.8541666666667,1170.4375,427.2083333333333,1393.7083333333333,137.19104166666668,11,6,2021-11-06,6.747083333333329
251,2021-11-07,53738.25,54372.270833333336,10583.875,634.0208333333334,4353.625,39434.770833333336,4872.104166666667,904.1666666666666,3647.4166666666665,-1882.5,1160.1875,425.25,1248.9791666666667,100.56541666666668,11,7,2021-11-07,8.156875000000001
252,2021-11-08,59847.229166666664,60009.916666666664,10709.395833333334,162.6875,8236.125,41064.395833333336,1944.125,1290.3333333333333,6329.583333333333,-656.4166666666666,1145.3541666666667,439.0416666666667,494.6041666666667,160.64729166666666,11,8,2021-11-08,8.639791666666673
253,2021-11-09,62167.6875,60039.1875,9323.854166666666,-2128.5,8254.770833333334,42460.5625,1453.3125,1422.3958333333333,5278.5,-819.3958333333334,1169.6458333333333,450.2083333333333,2948.5208333333335,160.53375,11,9,2021-11-09,7.2011458333333325
254,2021-11-10,63587.041666666664,62697.645833333336,9934.229166666666,-889.3958333333334,10214.25,42549.166666666664,690.6666666666666,940.5208333333334,7114.854166666667,-472.1041666666667,1188.1875,451.0,1362.2916666666667,193.326875,11,10,2021-11-10,6.603749999999999
255,2021-11-11,57043.75,59397.4375,8596.5625,2353.6875,9106.4375,41694.4375,760.9375,1147.8125,5477.6875,-393.8958333333333,1210.125,443.7083333333333,-1958.5416666666667,194.07979166666667,11,11,2021-11-11,8.063229166666666
256,2021-11-12,59311.25,59729.833333333336,8850.354166666666,418.5833333333333,8715.833333333334,42163.645833333336,2862.4375,1014.0416666666666,3782.4375,-812.8333333333334,1191.4375,448.1875,395.4166666666667,177.2122916666667,11,12,2021-11-12,8.345104166666664
257,2021-11-13,53766.895833333336,58357.770833333336,9296.479166666666,4590.875,7237.625,41823.666666666664,4045.3958333333335,590.75,3479.4166666666665,-1038.7291666666667,1180.9166666666667,441.9375,-3551.3958333333335,164.7875,11,13,2021-11-13,9.848229166666666
258,2021-11-14,51292.916666666664,55602.875,7935.395833333333,4309.958333333333,6405.770833333333,41261.708333333336,3206.5416666666665,585.8125,2975.8333333333335,-1578.2083333333333,1167.2083333333333,430.9375,-2731.1041666666665,156.19333333333333,11,14,2021-11-14,10.541250000000003
259,2021-11-15,60466.020833333336,60663.9375,11610.916666666666,197.91666666666666,7960.6875,41092.333333333336,2842.625,372.1458333333333,7272.479166666667,-800.9375,1123.6666666666667,431.2708333333333,604.25,161.5575,11,15,2021-11-15,8.464375000000002
260,2021-11-16,62513.5625,63736.5,10526.3125,1222.9375,9202.541666666666,44007.645833333336,908.75,510.5416666666667,7991.729166666667,-602.4791666666666,1115.2916666666667,468.0208333333333,-619.5,174.74395833333332,11,16,2021-11-16,8.115000000000002
261,2021-11-17,62405.4375,62297.3125,9973.645833333334,-108.125,8026.541666666667,44297.125,1768.375,553.9166666666666,6502.8125,-571.5833333333334,1148.5416666666667,472.3125,681.0,148.479375,11,17,2021-11-17,8.421354166666662
262,2021-11-18,62738.4375,62367.333333333336,9850.854166666666,-371.1041666666667,8298.875,44217.604166666664,1393.0,1073.4166666666667,6248.708333333333,-460.8958333333333,1135.7291666666667,470.1666666666667,833.7708333333334,151.67520833333333,11,18,2021-11-18,8.437499999999998
263,2021-11-19,62398.25,62793.416666666664,9639.770833333334,395.1666666666667,8855.041666666666,44298.604166666664,1105.3958333333333,1245.9791666666667,6145.895833333333,-823.9375,1142.5,472.4375,430.6666666666667,164.20374999999999,11,19,2021-11-19,7.662708333333331
264,2021-11-20,58163.875,58237.4375,6918.166666666667,73.5625,7894.020833333333,43425.25,729.4791666666666,951.6458333333334,4055.0833333333335,-1199.3333333333333,1181.9583333333333,456.6458333333333,1127.9375,157.41520833333334,11,20,2021-11-20,6.932604166666667
265,2021-11-21,57176.958333333336,56695.395833333336,7148.541666666667,-481.5625,6914.375,42632.479166666664,2332.7916666666665,438.8541666666667,3221.5625,-1591.2291666666667,1155.3333333333333,449.8125,2074.9583333333335,142.07916666666668,11,21,2021-11-21,6.456666666666667
266,2021-11-22,65535.4375,65872.47916666667,15327.645833333334,337.0416666666667,7651.416666666667,42893.416666666664,9308.104166666666,747.7291666666666,4157.333333333333,-1002.7083333333334,1114.4791666666667,452.3541666666667,667.5208333333334,137.26083333333335,11,22,2021-11-22,6.722395833333334
267,2021-11-23,67911.83333333333,67071.5,15322.666666666666,-840.3333333333334,8674.0625,43074.770833333336,7697.583333333333,1064.2083333333333,5462.875,-869.2916666666666,1098.0,455.1041666666667,1710.8541666666667,150.74479166666666,11,23,2021-11-23,5.962291666666665
268,2021-11-24,68533.1875,63236.916666666664,12192.229166666666,-5296.270833333333,9616.8125,41427.875,3212.3958333333335,568.125,7289.875,-603.5208333333334,1121.8333333333333,440.2916666666667,5900.479166666667,165.33479166666666,11,24,2021-11-24,5.433333333333334
269,2021-11-25,69202.72916666667,62648.020833333336,11425.833333333334,-6554.708333333333,9143.5,42078.6875,2559.8333333333335,397.3333333333333,7316.479166666667,-600.6458333333334,1152.1875,446.125,7156.145833333333,154.73125000000002,11,25,2021-11-25,4.916354166666666
270,2021-11-26,69477.22916666667,65418.145833333336,14535.25,-4059.0833333333335,8762.458333333334,42120.4375,6900.333333333333,577.0416666666666,5883.333333333333,-804.375,1174.5416666666667,446.0,4864.4375,151.87145833333332,11,26,2021-11-26,4.750625000000002
271,2021-11-27,65230.9375,61717.6875,12695.270833333334,-3513.25,7125.916666666667,41896.5,7123.708333333333,596.2708333333334,3810.6875,-1137.5208333333333,1164.6041666666667,443.4166666666667,4652.104166666667,130.56458333333333,11,27,2021-11-27,4.401041666666666
272,2021-11-28,65162.520833333336,61199.9375,13086.854166666666,-3962.5833333333335,6089.541666666667,42023.541666666664,7768.8125,626.7916666666666,3544.1458333333335,-1254.375,1147.1041666666667,445.125,5218.416666666667,108.874375,11,28,2021-11-28,3.630520833333332
273,2021-11-29,73443.3125,65540.6875,13050.520833333334,-7902.625,9510.979166666666,42979.1875,3252.7708333333335,749.625,7934.958333333333,-757.4375,1113.1666666666667,453.6458333333333,8661.166666666666,158.56958333333333,11,29,2021-11-29,2.934895833333334
274,2021-11-30,74557.1875,71344.60416666667,18025.729166666668,-3212.5833333333335,9187.8125,44131.0625,10414.520833333334,914.2083333333334,5612.666666666667,-776.0416666666666,1084.3333333333333,464.5,3989.75,156.13979166666667,11,30,2021-11-30,4.040833333333335
275,2021-12-01,70035.70833333333,68897.0625,17437.895833333332,-1138.6458333333333,8499.458333333334,42959.708333333336,10672.041666666666,491.2708333333333,5146.791666666667,-876.9791666666666,1127.7916666666667,453.2916666666667,2016.875,153.84416666666667,12,1,2021-12-01,7.050416666666667
276,2021-12-02,71638.14583333333,66412.375,14756.333333333334,-5225.770833333333,9114.708333333334,42541.333333333336,6349.5625,812.0416666666666,6451.75,-708.2291666666666,1142.9791666666667,449.875,5935.25,156.10333333333332,12,2,2021-12-02,4.813958333333331
277,2021-12-03,73528.66666666667,68795.72916666667,16553.791666666668,-4732.9375,10083.9375,42158.0,7970.375,701.6041666666666,6718.8125,-550.7708333333334,1163.0,445.625,5283.895833333333,169.66104166666665,12,3,2021-12-03,4.920729166666669
278,2021-12-04,63009.166666666664,65367.8125,16503.75,2358.6458333333335,8213.145833333334,40650.916666666664,10012.229166666666,441.4166666666667,4860.729166666667,-1964.5833333333333,1189.375,431.1666666666667,-393.25,164.83604166666666,12,4,2021-12-04,7.594583333333335
279,2021-12-05,63515.395833333336,62593.625,14416.041666666666,-921.7708333333334,7698.916666666667,40478.666666666664,6775.729166666667,702.7708333333334,5780.833333333333,-1841.6666666666667,1156.7083333333333,430.25,2764.3958333333335,152.31187500000001,12,5,2021-12-05,4.915208333333333
280,2021-12-06,70508.45833333333,67046.75,15730.0625,-3461.7083333333335,9644.416666666666,41672.270833333336,5644.583333333333,663.7916666666666,8305.354166666666,-845.9791666666666,1116.3333333333333,440.7708333333333,4308.041666666667,169.92229166666667,12,6,2021-12-06,5.531875000000002
281,2021-12-07,71428.79166666667,69099.77083333333,18178.9375,-2329.0208333333335,9054.25,41866.583333333336,9353.583333333334,457.9375,7255.895833333333,-1191.8125,1111.5208333333333,441.2291666666667,3522.2083333333335,156.28270833333332,12,7,2021-12-07,5.976979166666666
282,2021-12-08,71555.14583333333,67181.52083333333,16359.020833333334,-4373.625,8884.666666666666,41937.833333333336,7012.4375,513.1458333333334,7719.3125,-1167.0208333333333,1114.125,442.2916666666667,5541.5625,151.83083333333335,12,8,2021-12-08,5.378333333333333
283,2021-12-09,73310.9375,69781.02083333333,17681.3125,-3529.9166666666665,9611.104166666666,42488.604166666664,6514.354166666667,647.5833333333334,9406.791666666666,-889.9375,1112.5833333333333,448.1458333333333,4420.958333333333,162.174375,12,9,2021-12-09,5.004270833333334
284,2021-12-10,72124.14583333333,73258.95833333333,22381.5,1134.8125,8214.583333333334,42662.875,12851.291666666666,400.8125,8011.375,-812.5416666666666,1118.0208333333333,448.0208333333333,-320.2916666666667,142.23895833333333,12,10,2021-12-10,5.304375000000001
285,2021-12-11,66446.52083333333,63956.583333333336,13272.1875,-2489.9375,7804.3125,42880.083333333336,4755.770833333333,748.7083333333334,6623.020833333333,-966.5208333333334,1144.6875,450.7291666666667,3457.3541666666665,147.8175,12,11,2021-12-11,5.1068750000000005
286,2021-12-12,61999.270833333336,60790.583333333336,11234.041666666666,-1208.6875,7240.854166666667,42315.6875,3857.7708333333335,693.6041666666666,5512.833333333333,-1370.3125,1169.8333333333333,439.8333333333333,2579.1458333333335,141.66104166666668,12,12,2021-12-12,6.580833333333331
287,2021-12-13,67742.79166666667,63627.75,11543.1875,-4115.041666666667,8874.583333333334,43209.979166666664,1385.5625,919.1458333333334,8103.375,-911.5625,1135.1041666666667,453.4791666666667,5027.291666666667,158.15479166666668,12,13,2021-12-13,6.747395833333333
288,2021-12-14,70153.64583333333,65665.3125,12447.645833333334,-4488.333333333333,10053.25,43164.416666666664,731.1458333333334,939.3541666666666,9662.541666666666,-543.8333333333334,1114.6041666666667,454.5416666666667,5032.895833333333,174.641875,12,14,2021-12-14,5.512291666666667
289,2021-12-15,70191.02083333333,65979.5625,12209.833333333334,-4211.458333333333,10305.458333333334,43464.270833333336,1454.0208333333333,822.2708333333334,8826.708333333334,-678.5,1106.8333333333333,472.5833333333333,4890.395833333333,182.00312499999998,12,15,2021-12-15,5.801145833333334
290,2021-12-16,69848.77083333333,68201.91666666667,13559.6875,-1646.8541666666667,10149.729166666666,44492.5,3263.1041666666665,873.2083333333334,8302.229166666666,-948.0833333333334,1121.1458333333333,491.8541666666667,2595.2291666666665,180.50729166666667,12,16,2021-12-16,6.3236458333333365
291,2021-12-17,69615.52083333333,67939.5625,15825.791666666666,-1675.9583333333333,9037.75,43076.020833333336,6777.458333333333,1080.9375,6833.458333333333,-898.1875,1133.9375,472.75,2574.2291666666665,160.05416666666667,12,17,2021-12-17,5.682291666666667
292,2021-12-18,65147.270833333336,63271.958333333336,12490.125,-1875.3125,7340.0625,43441.770833333336,5333.5,1173.1666666666667,4823.166666666667,-2055.8125,1160.2916666666667,483.2083333333333,3931.3541666666665,135.25625,12,18,2021-12-18,5.119479166666667
293,2021-12-19,64613.729166666664,60696.9375,9850.5,-3916.7916666666665,7943.125,42903.3125,2936.75,855.7708333333334,4884.270833333333,-1383.9166666666667,1173.7083333333333,480.2291666666667,5301.395833333333,148.4675,12,19,2021-12-19,3.971354166666666
294,2021-12-20,72397.4375,63593.354166666664,12649.916666666666,-8804.083333333334,8709.895833333334,42233.541666666664,3095.4166666666665,785.3958333333334,7607.5,-855.4791666666666,1161.6041666666667,474.5416666666667,9660.541666666666,146.526875,12,20,2021-12-20,3.660104166666667
295,2021-12-21,75135.5625,65526.145833333336,13372.5,-9609.416666666666,9658.958333333334,42494.6875,2292.8125,997.4791666666666,8945.145833333334,-627.6666666666666,1137.0625,476.4791666666667,10237.916666666666,157.568125,12,21,2021-12-21,1.9873958333333335
296,2021-12-22,77176.85416666667,67714.10416666667,13688.25,-9462.75,10026.979166666666,43998.875,3510.5625,890.3541666666666,8142.791666666667,-808.6041666666666,1144.5416666666667,490.9791666666667,10272.75,159.60145833333334,12,22,2021-12-22,1.8194791666666668
297,2021-12-23,71287.20833333333,65848.10416666667,13705.416666666666,-5439.104166666667,9052.020833333334,43090.666666666664,6626.604166666667,787.4583333333334,5140.020833333333,-799.6041666666666,1151.3333333333333,484.8541666666667,6239.875,152.87604166666668,12,23,2021-12-23,5.605
298,2021-12-24,61405.395833333336,56664.645833333336,9208.520833333334,-4740.75,5935.145833333333,41520.979166666664,3412.2291666666665,427.0,4187.666666666667,-1039.3333333333333,1181.625,471.8958333333333,5780.354166666667,114.68333333333334,12,24,2021-12-24,8.46791666666667
299,2021-12-25,53700.354166666664,52802.208333333336,7077.625,-898.1458333333334,4123.833333333333,41600.75,1509.2708333333333,570.375,3825.7916666666665,-1709.2083333333333,1172.1875,472.5,2608.5416666666665,92.94166666666666,12,25,2021-12-25,8.782604166666665
300,2021-12-26,53840.479166666664,56179.833333333336,8875.145833333334,2339.3541666666665,5094.854166666667,42209.833333333336,2640.6458333333335,557.5,4507.270833333333,-1364.2708333333333,1169.7291666666667,477.9791666666667,-974.1666666666666,111.26875,12,26,2021-12-26,9.061770833333338
301,2021-12-27,57917.583333333336,63150.583333333336,16255.270833333334,5233.0,3812.7916666666665,43082.520833333336,7961.5625,414.7083333333333,6738.291666666667,-846.4583333333334,1140.7083333333333,487.3958333333333,-4385.3125,81.12708333333333,12,27,2021-12-27,9.508958333333334
302,2021-12-28,57600.958333333336,66889.91666666667,22463.125,9288.958333333334,2793.8333333333335,41632.958333333336,13247.0,313.9375,7761.1875,-1368.5833333333333,1141.0,477.5625,-7920.458333333333,61.59041666666667,12,28,2021-12-28,11.036562499999997
303,2021-12-29,55462.354166666664,66294.97916666667,21175.333333333332,10832.625,3244.1875,41875.458333333336,10175.020833333334,400.0833333333333,9437.666666666666,-1296.9583333333333,1162.5625,478.2083333333333,-9535.25,72.55854166666667,12,29,2021-12-29,12.428124999999996
304,2021-12-30,52779.1875,60403.083333333336,18260.520833333332,7623.895833333333,2774.7708333333335,39367.791666666664,7216.875,877.0416666666666,9001.395833333334,-1310.8541666666667,1165.2083333333333,457.5416666666667,-6312.729166666667,68.57166666666667,12,30,2021-12-30,13.082812499999996
305,2021-12-31,53340.208333333336,59653.5625,15767.958333333334,6313.354166666667,3191.875,40693.729166666664,4494.854166666667,1143.5833333333333,8929.0,-1276.25,1200.5208333333333,469.9791666666667,-5036.375,76.39354166666666,12,31,2021-12-31,10.438020833333338
306,2022-01-01,50428.875,57270.916666666664,14491.333333333334,6842.041666666667,2841.5416666666665,39938.041666666664,4140.0625,1094.4791666666667,8023.791666666667,-1414.6875,1233.0,453.2291666666667,-5426.833333333333,75.29645833333333,1,1,2022-01-01,9.966770833333337
307,2022-01-02,52241.958333333336,60954.208333333336,18667.270833333332,8712.25,2880.625,39406.3125,9955.6875,632.125,6884.875,-2332.1875,1194.5833333333333,450.625,-6380.0,73.91250000000001,1,2,2022-01-02,9.718125000000004
308,2022-01-03,59440.666666666664,64581.0625,19231.875,5140.395833333333,3445.375,41903.8125,9159.5,725.5625,8166.958333333333,-518.8125,1179.8541666666667,476.6041666666667,-4621.645833333333,72.81666666666666,1,3,2022-01-03,10.4859375
309,2022-01-04,62172.333333333336,67191.41666666667,16965.375,5019.083333333333,5252.416666666667,44973.625,6975.666666666667,468.8541666666667,8387.520833333334,-1039.8541666666667,1133.3333333333333,502.875,-3978.3541666666665,96.15916666666668,1,4,2022-01-04,9.615416666666667
310,2022-01-05,68310.625,67917.27083333333,16511.125,-393.3541666666667,5634.104166666667,45772.041666666664,5762.979166666667,1010.9583333333334,8637.083333333334,-962.3541666666666,1100.1041666666667,510.8125,1357.75,100.20395833333333,1,5,2022-01-05,4.331770833333334
311,2022-01-06,72582.83333333333,69100.35416666667,14595.145833333334,-3482.4791666666665,7040.0625,47465.145833333336,3682.2916666666665,1170.5416666666667,8624.6875,-650.3541666666666,1117.625,526.4166666666666,4134.583333333333,119.50458333333334,1,6,2022-01-06,3.1631250000000004
312,2022-01-07,72323.16666666667,74738.1875,20514.270833333332,2415.0208333333335,6849.333333333333,47374.583333333336,9463.854166666666,835.9375,9077.8125,-633.8125,1136.6666666666667,524.7708333333334,-1780.4375,117.90479166666667,1,7,2022-01-07,4.083541666666668
313,2022-01-08,65012.6875,70319.91666666667,19930.458333333332,5307.229166666667,4741.770833333333,45647.6875,11063.770833333334,593.7916666666666,7100.458333333333,-1479.2916666666667,1172.4375,507.5,-3826.4791666666665,98.38437499999999,1,8,2022-01-08,6.474895833333335
314,2022-01-09,62386.416666666664,67323.27083333333,15780.145833333334,4936.854166666667,5534.020833333333,46009.104166666664,7030.645833333333,430.5625,7156.5625,-1909.6458333333333,1162.375,509.7708333333333,-3026.9583333333335,116.23916666666666,1,9,2022-01-09,6.208020833333332
315,2022-01-10,69661.5,72447.9375,13747.104166666666,2786.4375,10085.229166666666,48615.604166666664,1582.4166666666667,527.9791666666666,10511.520833333334,-642.6041666666666,1125.1875,535.7083333333334,-2143.8541666666665,181.00145833333332,1,10,2022-01-10,5.361770833333334
316,2022-01-11,72626.16666666667,71206.6875,13707.145833333334,-1419.4791666666667,10061.916666666666,47437.625,2434.3958333333335,1197.9583333333333,8958.979166666666,-1004.8125,1115.8125,526.2708333333334,2424.7708333333335,178.33375,1,11,2022-01-11,3.726875
317,2022-01-12,75137.58333333333,72114.1875,14298.0625,-3023.3958333333335,10239.854166666666,47576.270833333336,2284.1875,1233.9791666666667,9646.0,-903.1041666666666,1133.8958333333333,526.6458333333334,3926.7708333333335,174.06229166666665,1,12,2022-01-12,2.3990625000000003
318,2022-01-13,76418.20833333333,71528.97916666667,13862.729166666666,-4889.229166666667,9974.625,47691.625,2369.3958333333335,1250.1666666666667,9087.291666666666,-828.0833333333334,1155.875,527.3541666666666,5718.125,167.50916666666666,1,13,2022-01-13,2.201041666666667
319,2022-01-14,77333.27083333333,72042.27083333333,13427.604166666666,-5291.0,10197.125,48417.541666666664,840.2708333333334,1343.1458333333333,10057.270833333334,-529.9791666666666,1186.9166666666667,534.1458333333334,5821.916666666667,165.07229166666667,1,14,2022-01-14,2.5719791666666665
320,2022-01-15,72926.47916666667,69715.79166666667,11887.604166666666,-3210.6875,9294.083333333334,48534.104166666664,875.6458333333334,1325.2291666666667,8475.895833333334,-679.1666666666666,1210.8333333333333,534.6458333333334,3891.1875,159.40375,1,15,2022-01-15,1.803020833333333
321,2022-01-16,70769.58333333333,68812.6875,11663.604166666666,-1956.8958333333333,8489.5625,48659.520833333336,2350.0833333333335,1106.9583333333333,7029.208333333333,-1252.5625,1177.3541666666667,535.8333333333334,3209.4791666666665,145.04291666666668,1,16,2022-01-16,1.9617708333333328
322,2022-01-17,74724.75,70922.25,12740.479166666666,-3802.5,9416.75,48765.020833333336,1471.5,892.5,9224.9375,-224.08333333333334,1151.5416666666667,537.2708333333334,4027.1666666666665,155.60645833333334,1,17,2022-01-17,3.6869791666666667
323,2022-01-18,75092.5625,72190.27083333333,13515.5625,-2902.2916666666665,10126.895833333334,48547.8125,2782.7291666666665,893.9166666666666,8668.729166666666,-722.4791666666666,1170.1875,535.6666666666666,3625.5625,171.30124999999998,1,18,2022-01-18,3.9015625000000003
324,2022-01-19,74998.0625,71079.25,12449.479166666666,-3918.8125,10058.8125,48570.958333333336,2938.6458333333335,481.9166666666667,7873.104166666667,-743.8125,1155.8125,535.4375,4663.104166666667,169.89875,1,19,2022-01-19,3.552708333333334
325,2022-01-20,73762.52083333333,71831.45833333333,13657.520833333334,-1931.0625,9863.1875,48310.75,4039.9583333333335,853.1875,7638.3125,-797.375,1126.0625,535.2916666666666,2729.0416666666665,169.01708333333332,1,20,2022-01-20,4.721354166666665
326,2022-01-21,75227.97916666667,71986.70833333333,13360.854166666666,-3241.2708333333335,9825.166666666666,48800.6875,4139.791666666667,1365.375,6725.145833333333,-1003.3125,1130.5416666666667,544.6041666666666,4245.0,164.94583333333333,1,21,2022-01-21,3.156874999999998
327,2022-01-22,70442.91666666667,69646.66666666667,9989.666666666666,-796.25,10249.291666666666,49407.708333333336,2397.2291666666665,1227.5416666666667,5176.395833333333,-1022.7083333333334,1188.5,551.5416666666666,1819.0416666666667,184.485,1,22,2022-01-22,2.696145833333335
328,2022-01-23,67447.8125,67448.0,9505.479166666666,0.1875,9503.625,48438.895833333336,2510.5833333333335,1257.2708333333333,4560.4375,-1744.9583333333333,1177.1875,542.5,1745.25,179.38083333333336,1,23,2022-01-23,3.704270833333334
329,2022-01-24,74805.52083333333,72745.20833333333,13170.104166666666,-2060.3125,10322.479166666666,49252.625,1883.5625,1517.5625,8630.020833333334,-707.6041666666666,1138.9583333333333,549.2916666666666,2768.5833333333335,171.55916666666667,1,24,2022-01-24,3.3612500000000005
330,2022-01-25,77812.29166666667,74058.72916666667,13655.625,-3753.5625,11313.291666666666,49089.8125,371.375,1338.2083333333333,10803.229166666666,-349.3541666666667,1142.8125,545.4375,4102.770833333333,178.103125,1,25,2022-01-25,2.0509374999999994
331,2022-01-26,78430.0,72143.625,12634.354166666666,-6286.375,10055.895833333334,49453.375,839.2708333333334,1221.4791666666667,9418.770833333334,-532.5625,1154.8333333333333,550.7708333333334,6818.854166666667,156.88645833333334,1,26,2022-01-26,1.9723958333333325
332,2022-01-27,77486.35416666667,73955.60416666667,14460.375,-3530.75,10378.666666666666,49116.5625,3579.1041666666665,1123.125,8585.125,-498.7291666666667,1173.0208333333333,548.75,4030.2708333333335,167.30979166666665,1,27,2022-01-27,2.738125
333,2022-01-28,74348.79166666667,71215.375,11408.0,-3133.4166666666665,10457.354166666666,49350.020833333336,2035.5,957.125,7229.9375,-336.6041666666667,1185.4375,550.1041666666666,3471.125,179.265,1,28,2022-01-28,3.9133333333333336
334,2022-01-29,67034.04166666667,69392.1875,13848.958333333334,2358.1458333333335,7457.041666666667,48086.1875,7301.604166666667,853.2291666666666,4482.229166666667,-1209.1041666666667,1211.8958333333333,540.25,-1148.2083333333333,144.77,1,29,2022-01-29,5.100625
335,2022-01-30,62109.458333333336,64811.666666666664,8585.291666666666,2702.2083333333335,7549.291666666667,48677.083333333336,2602.3333333333335,1003.1458333333334,3763.7083333333335,-1102.6666666666667,1216.1041666666667,543.5625,-1597.875,153.51145833333334,1,30,2022-01-30,6.421354166666667
336,2022-01-31,69758.875,73043.54166666667,18419.541666666668,3284.6666666666665,6929.0625,47694.9375,11408.020833333334,891.6041666666666,4951.833333333333,-1150.6041666666667,1168.0833333333333,534.6666666666666,-2132.8958333333335,116.23604166666667,1,31,2022-01-31,6.0815625
337,2022-02-01,71707.8125,71494.125,16362.875,-213.6875,7510.1875,47621.0625,9498.395833333334,914.75,4790.270833333333,-992.5833333333334,1159.4583333333333,534.3125,1206.9583333333333,129.27833333333334,2,1,2022-02-01,5.449166666666666
338,2022-02-02,67140.22916666667,69181.9375,13304.145833333334,2041.7083333333333,8110.4375,47767.354166666664,5781.895833333333,886.6666666666666,5464.833333333333,-1020.5833333333334,1170.75,533.3958333333334,-1021.1666666666666,149.45395833333333,2,2,2022-02-02,8.713229166666666
339,2022-02-03,67477.27083333333,67281.70833333333,10692.354166666666,-195.5625,8339.583333333334,48249.770833333336,2648.25,855.7708333333334,5989.0,-699.3958333333334,1199.3333333333333,534.125,895.8958333333334,150.714375,2,3,2022-02-03,7.020624999999996
340,2022-02-04,66367.20833333333,70990.41666666667,15456.854166666666,4623.208333333333,7545.25,47988.3125,7448.333333333333,794.1041666666666,5977.4375,-953.8958333333334,1236.9791666666667,531.3125,-3669.2083333333335,135.320625,2,4,2022-02-04,7.631979166666667
341,2022-02-05,61984.166666666664,64189.5625,13987.479166666666,2205.3958333333335,5309.166666666667,44892.916666666664,6047.4375,1720.1041666666667,4959.145833333333,-742.3333333333334,1260.7916666666667,500.8958333333333,-1462.2083333333333,106.96958333333333,2,5,2022-02-05,6.117812499999999
342,2022-02-06,61376.6875,67500.22916666667,20593.791666666668,6123.541666666667,4046.3958333333335,42860.041666666664,14834.625,888.1458333333334,3577.8958333333335,-2476.1875,1293.125,478.7708333333333,-3646.8958333333335,87.29479166666665,2,6,2022-02-06,6.457395833333332
343,2022-02-07,64713.0,67312.58333333333,14603.875,2599.5833333333335,7801.395833333333,44907.3125,5996.354166666667,1519.25,5842.958333333333,-833.7291666666666,1245.3125,497.9583333333333,-1764.9166666666667,148.81166666666667,2,7,2022-02-07,7.7134375
344,2022-02-08,66443.3125,67574.6875,12898.9375,1131.375,9083.854166666666,45591.895833333336,3662.0,1822.0416666666667,6200.979166666667,-808.0625,1213.9166666666667,504.1458333333333,-322.5,172.19104166666668,2,8,2022-02-08,6.725937499999998
345,2022-02-09,66095.10416666667,67547.22916666667,12464.0625,1452.125,9409.875,45673.291666666664,2250.1666666666665,1842.3125,7200.708333333333,-348.7708333333333,1170.875,505.375,-1103.0208333333333,179.04833333333332,2,9,2022-02-09,7.154166666666669
346,2022-02-10,65712.95833333333,68423.39583333333,12795.166666666666,2710.4375,9713.395833333334,45914.833333333336,3766.625,1457.8125,6370.833333333333,-368.5208333333333,1199.8958333333333,506.7291666666667,-2341.4791666666665,184.63208333333333,2,10,2022-02-10,7.535208333333333
347,2022-02-11,66581.25,68457.125,12699.875,1875.875,9464.875,46292.375,2648.25,1671.25,7157.520833333333,-413.375,1222.8541666666667,512.0416666666666,-1462.0,177.71604166666668,2,11,2022-02-11,5.946770833333333
348,2022-02-12,64278.979166666664,65289.416666666664,12936.020833333334,1010.4375,8589.166666666666,43764.229166666664,4431.666666666667,1787.2916666666667,5446.645833333333,-416.1041666666667,1270.4166666666667,451.2916666666667,-594.0416666666666,168.02604166666666,2,12,2022-02-12,4.346770833333334
349,2022-02-13,60693.166666666664,65051.666666666664,18227.5,4358.5,4985.6875,41838.479166666664,11334.9375,1575.9375,3993.4166666666665,-1720.3541666666667,1323.2083333333333,448.375,-2637.2916666666665,108.455625,2,13,2022-02-13,7.068541666666669
350,2022-02-14,64476.854166666664,67561.45833333333,17450.104166666668,3084.6041666666665,7336.166666666667,42775.1875,9502.958333333334,811.5208333333334,5836.4375,-872.2708333333334,1299.1875,485.0833333333333,-2211.8541666666665,142.31708333333333,2,14,2022-02-14,8.393333333333333
351,2022-02-15,66843.0,70814.125,19260.0,3971.125,7378.0,44176.125,9350.5,1205.75,7471.979166666667,-378.5416666666667,1231.7708333333333,497.1041666666667,-3592.625,135.41291666666666,2,15,2022-02-15,7.199687499999995
352,2022-02-16,65060.375,70854.3125,23105.791666666668,5793.9375,3891.25,43857.270833333336,15011.833333333334,575.7708333333334,6311.520833333333,-986.3958333333334,1206.6666666666667,492.9583333333333,-4806.75,74.14979166666667,2,16,2022-02-16,9.911770833333335
353,2022-02-17,60733.25,69109.35416666667,21999.208333333332,8376.104166666666,4564.395833333333,42545.75,12310.833333333334,1194.5,7300.104166666667,-1151.3333333333333,1193.7708333333333,482.3958333333333,-7223.75,90.43979166666666,2,17,2022-02-17,12.068333333333337
354,2022-02-18,59896.6875,69962.6875,22368.6875,10066.0,4012.5625,43581.4375,12219.895833333334,1361.375,7603.520833333333,-758.4791666666666,1183.8958333333333,486.3541666666667,-9305.6875,80.84020833333334,2,18,2022-02-18,10.871354166666665
355,2022-02-19,58372.666666666664,65068.0625,21235.625,6695.395833333333,2979.2916666666665,40853.145833333336,10970.354166666666,1699.0833333333333,7366.666666666667,-1427.3125,1199.5208333333333,454.0208333333333,-5267.0,63.74916666666667,2,19,2022-02-19,7.119791666666668
356,2022-02-20,56097.291666666664,64514.020833333336,22311.270833333332,8416.729166666666,2959.8958333333335,39242.854166666664,13659.0,1213.8541666666667,6184.166666666667,-2238.0625,1254.25,437.6041666666667,-6177.979166666667,67.199375,2,20,2022-02-20,8.702291666666666
357,2022-02-21,63264.666666666664,70155.39583333333,24494.270833333332,6890.729166666667,4410.4375,41250.6875,14362.604166666666,1337.625,7539.145833333333,-1297.6041666666667,1254.8958333333333,460.625,-5592.333333333333,87.23770833333333,2,21,2022-02-21,8.468541666666665
358,2022-02-22,63660.354166666664,68670.66666666667,19308.229166666668,5010.3125,6319.083333333333,43043.354166666664,8708.041666666666,1485.7916666666667,7817.625,-658.1041666666666,1296.7708333333333,483.2916666666667,-4351.666666666667,121.343125,2,22,2022-02-22,8.777083333333332
359,2022-02-23,62134.020833333336,64909.6875,13296.604166666666,2775.6666666666665,7716.479166666667,43896.604166666664,1877.3333333333333,1950.1666666666667,8165.9375,-519.7708333333334,1303.1666666666667,497.625,-2255.4791666666665,152.908125,2,23,2022-02-23,9.083437500000002
360,2022-02-24,63039.979166666664,67389.125,18217.354166666668,4349.145833333333,5646.5625,43525.208333333336,8258.958333333334,1269.3541666666667,7446.166666666667,-754.7708333333334,1242.875,494.0625,-3593.9166666666665,119.20687500000001,2,24,2022-02-24,8.572395833333333
361,2022-02-25,64560.979166666664,66700.60416666667,17257.229166666668,2139.625,5577.25,43866.125,5260.166666666667,2181.1666666666665,8655.791666666666,-631.75,1160.1041666666667,496.625,-1507.3125,112.679375,2,25,2022-02-25,6.176145833333333
362,2022-02-26,60621.041666666664,65711.75,15920.020833333334,5090.708333333333,7078.291666666667,42713.4375,5250.416666666667,2650.1666666666665,6814.666666666667,-738.9791666666666,1204.7708333333333,455.1875,-4351.604166666667,154.13041666666666,2,26,2022-02-26,5.3525
363,2022-02-27,59134.0625,60998.104166666664,15244.854166666666,1864.0416666666667,4760.770833333333,40992.479166666664,6793.083333333333,2235.9791666666665,5004.916666666667,-1336.9583333333333,1210.875,435.0208333333333,-526.3125,111.95729166666666,2,27,2022-02-27,5.890208333333334
364,2022-02-28,63930.6875,65140.75,14037.229166666666,1210.0625,8836.270833333334,42267.25,3263.5416666666665,2470.2083333333335,7108.395833333333,-614.3958333333334,1195.0833333333333,450.9583333333333,-594.375,175.13083333333336,2,28,2022-02-28,6.73364583333333
